num__TotalWorkingYears,num__MonthlyIncome,num__YearsAtCompany,num__JobLevel,num__YearsInCurrentRole,num__YearsWithCurrManager,num__Age,cat__OverTime_Yes,cat__JobRole_Human Resources,cat__JobRole_Laboratory Technician,cat__JobRole_Manager,cat__JobRole_Manufacturing Director,cat__JobRole_Research Director,cat__JobRole_Research Scientist,cat__JobRole_Sales Executive,cat__JobRole_Sales Representative,cat__MonthlyIncomeBracket_Low,cat__MonthlyIncomeBracket_Medium,cat__MonthlyIncomeBracket_Very High,Attrition
2.2614821417371727,2.026752327274747,-0.6657058719069946,1.7621889573533582,-0.6253648713435828,-0.6164064977950603,1.0901940236181409,0.0,0.0,0.0,1.0,0.0,0.0,0.0,0.0,0.0,0.0,0.0,1.0,0
-1.0726746626292767,-0.8644084008911711,-0.8300707901019612,-0.9862649071659377,-0.9056351033176886,-0.8970468545147626,-1.634827596376192,0.0,0.0,1.0,0.0,0.0,0.0,0.0,0.0,0.0,1.0,0.0,0.0,0
1.4920613407295304,2.3477057786207,0.8135783918477043,1.7621889573533582,1.3365267524751574,1.3480759992428557,0.9811931588183676,0.0,0.0,0.0,1.0,0.0,0.0,0.0,0.0,0.0,0.0,0.0,1.0,0
-0.5597274619575152,-0.9562015179204555,-0.008246199127128446,-0.9862649071659377,-0.06482440739537135,0.5061549290837488,-1.307825001976872,0.0,0.0,0.0,0.0,0.0,0.0,0.0,0.0,1.0,1.0,0.0,0.0,0
-0.1750170614536942,-0.18595622912437518,0.1561187190678381,-0.0701136189928391,0.7759862885269458,0.7867952858034511,0.6541905644190477,1.0,0.0,1.0,0.0,0.0,0.0,0.0,0.0,0.0,0.0,0.0,0.0,0
-0.816201062293396,-0.6621195879530991,-0.6657058719069946,-0.9862649071659377,-0.6253648713435828,-0.6164064977950603,-0.9808224075775521,1.0,0.0,0.0,0.0,0.0,0.0,1.0,0.0,0.0,0.0,1.0,0.0,1
-1.3291482629651574,-0.8214139666854172,-0.9944357082969277,-0.9862649071659377,-1.1859053352917943,-1.177687211234465,1.5261974828172342,0.0,0.0,0.0,0.0,0.0,0.0,1.0,0.0,0.0,1.0,0.0,0.0,0
0.8508773398898287,0.9192157021345277,0.1561187190678381,0.8460376691802596,0.7759862885269458,-0.8970468545147626,0.6541905644190477,0.0,0.0,0.0,0.0,1.0,0.0,0.0,0.0,0.0,0.0,0.0,1.0,0
-0.816201062293396,-0.40952728699429525,-0.33697603551706157,-0.0701136189928391,-0.06482440739537135,-0.6164064977950603,0.32718797001972766,0.0,0.0,0.0,0.0,0.0,0.0,0.0,1.0,0.0,0.0,1.0,0.0,0
-0.6879642621254556,-0.16660873373178595,-0.172611117322095,-0.0701136189928391,-0.6253648713435828,-0.05512578435565574,-1.0898232723773253,1.0,0.0,0.0,0.0,0.0,0.0,0.0,1.0,0.0,0.0,0.0,0.0,0
-0.1750170614536942,-0.674373001701739,-0.33697603551706157,-0.9862649071659377,-0.3450946393694771,-0.335766141075358,-0.10881548917936558,0.0,0.0,0.0,0.0,0.0,0.0,0.0,0.0,1.0,0.0,1.0,0.0,1
-0.30325386162163454,2.05942809727112,-0.008246199127128446,1.7621889573533582,0.7759862885269458,0.7867952858034511,-0.8718215427777788,0.0,0.0,0.0,0.0,0.0,1.0,0.0,0.0,0.0,0.0,0.0,1.0,0
0.08145653888218654,-0.6120310721033959,0.4848485554577712,-0.0701136189928391,1.3365267524751574,1.0674356425231535,0.8721922940185942,0.0,0.0,0.0,0.0,0.0,0.0,1.0,0.0,0.0,0.0,1.0,0.0,0
-0.816201062293396,-0.9183664158193922,-0.5013409537120281,-0.0701136189928391,-0.3450946393694771,-0.6164064977950603,-1.5258267315764187,0.0,0.0,1.0,0.0,0.0,0.0,0.0,0.0,0.0,1.0,0.0,0.0,0
0.33793013921806725,-0.25818687859004164,0.9779433100426709,-0.0701136189928391,1.3365267524751574,1.3480759992428557,-0.3268172187789122,0.0,0.0,0.0,0.0,0.0,0.0,0.0,0.0,0.0,0.0,0.0,0.0,0
-1.3291482629651574,-1.1698838559230522,-0.9944357082969277,-0.9862649071659377,-1.1859053352917943,-1.177687211234465,-1.9618301907755118,0.0,0.0,1.0,0.0,0.0,0.0,0.0,0.0,0.0,1.0,0.0,0.0,1
-0.1750170614536942,0.3082647920707654,0.4848485554577712,0.8460376691802596,0.7759862885269458,0.22551457236404657,0.7631914292188209,0.0,0.0,0.0,0.0,0.0,0.0,0.0,0.0,0.0,0.0,0.0,0.0,1
0.594403739553948,-0.23153032938247428,0.1561187190678381,-0.0701136189928391,0.7759862885269458,0.7867952858034511,1.0901940236181409,0.0,0.0,0.0,0.0,0.0,0.0,1.0,0.0,0.0,0.0,0.0,0.0,0
-0.1750170614536942,0.08275898466158643,0.1561187190678381,-0.0701136189928391,0.7759862885269458,0.7867952858034511,-0.6538198131782321,0.0,0.0,0.0,0.0,0.0,0.0,0.0,1.0,0.0,0.0,0.0,0.0,0
1.2355877403936497,0.8876147929932986,0.4848485554577712,0.8460376691802596,1.3365267524751574,0.22551457236404657,0.9811931588183676,1.0,0.0,0.0,0.0,0.0,0.0,0.0,0.0,0.0,0.0,0.0,1.0,0
0.4661669393860076,-0.8089455807657486,1.1423082282376373,-0.9862649071659377,1.6167969844492631,1.6287163559625581,-0.4358180835786855,0.0,0.0,0.0,0.0,0.0,0.0,1.0,0.0,0.0,1.0,0.0,0.0,0
0.08145653888218654,0.4604650891591341,0.1561187190678381,-0.0701136189928391,-0.3450946393694771,0.7867952858034511,0.10918624042018105,0.0,0.0,0.0,0.0,0.0,0.0,0.0,1.0,0.0,0.0,0.0,1.0,0
0.594403739553948,-0.1354377689326144,0.9779433100426709,-0.0701136189928391,1.8970672164233688,0.7867952858034511,-0.10881548917936558,0.0,0.0,1.0,0.0,0.0,0.0,0.0,0.0,0.0,0.0,0.0,0.0,0
-0.1750170614536942,-0.6709334469652787,-0.008246199127128446,-0.9862649071659377,0.4957160565528401,0.7867952858034511,0.9811931588183676,0.0,1.0,0.0,0.0,0.0,0.0,0.0,0.0,0.0,0.0,1.0,0.0,0
-0.04678026128575383,0.07007562657088905,-0.6657058719069946,-0.0701136189928391,-0.6253648713435828,-0.6164064977950603,0.436188834819501,0.0,0.0,0.0,0.0,0.0,0.0,0.0,0.0,0.0,0.0,0.0,0.0,0
-1.200911462797217,-0.8310877143817118,-0.8300707901019612,-0.9862649071659377,-0.9056351033176886,-0.6164064977950603,-1.8528293259757387,0.0,0.0,0.0,0.0,0.0,0.0,0.0,0.0,1.0,1.0,0.0,0.0,0
-0.6879642621254556,0.38737455100935253,-0.33697603551706157,-0.0701136189928391,-0.6253648713435828,-0.6164064977950603,-0.6538198131782321,0.0,0.0,0.0,0.0,0.0,0.0,0.0,1.0,0.0,0.0,0.0,0.0,0
-0.9444378624613363,-0.7478934841935782,-0.5013409537120281,-0.9862649071659377,-0.6253648713435828,-0.335766141075358,-0.6538198131782321,1.0,0.0,0.0,0.0,0.0,0.0,1.0,0.0,0.0,0.0,1.0,0.0,0
2.133245341569232,2.258062383301703,3.114687246577236,1.7621889573533582,3.0181481443197913,1.3480759992428557,0.9811931588183676,0.0,0.0,0.0,1.0,0.0,0.0,0.0,0.0,0.0,0.0,0.0,1.0,0
1.2355877403936497,2.373287466973123,-0.33697603551706157,1.7621889573533582,-0.3450946393694771,-0.335766141075358,1.7441992124167807,1.0,0.0,0.0,0.0,0.0,1.0,0.0,0.0,0.0,0.0,0.0,1.0,0
-1.200911462797217,-0.9132070837147017,-0.9944357082969277,-0.9862649071659377,-0.9056351033176886,-1.177687211234465,-1.4168258667766453,0.0,0.0,1.0,0.0,0.0,0.0,0.0,0.0,0.0,1.0,0.0,0.0,0
-0.30325386162163454,-0.7298358218271614,-0.33697603551706157,-0.0701136189928391,-0.6253648713435828,-0.05512578435565574,1.6351983476170073,0.0,0.0,1.0,0.0,0.0,0.0,0.0,0.0,0.0,0.0,1.0,0.0,0
0.2096933390501269,-0.9579212952886857,0.1561187190678381,-0.9862649071659377,0.7759862885269458,-0.6164064977950603,-0.10881548917936558,0.0,0.0,1.0,0.0,0.0,0.0,0.0,0.0,0.0,1.0,0.0,0.0,0
-0.1750170614536942,-0.5415202000059596,-0.5013409537120281,-0.0701136189928391,-0.3450946393694771,-0.335766141075358,-0.8718215427777788,1.0,0.0,1.0,0.0,0.0,0.0,0.0,0.0,0.0,0.0,1.0,0.0,0
-0.1750170614536942,-0.42694003284762555,0.4848485554577712,-0.0701136189928391,-1.1859053352917943,1.0674356425231535,-0.9808224075775521,0.0,0.0,1.0,0.0,0.0,0.0,0.0,0.0,0.0,0.0,1.0,0.0,0
1.6202981408974708,2.651891400626408,2.45722757379737,2.678340245526457,0.4957160565528401,2.7512777828413673,0.5451896996192743,0.0,0.0,0.0,1.0,0.0,0.0,0.0,0.0,0.0,0.0,0.0,1.0,0
-1.200911462797217,-0.895149421348285,-0.8300707901019612,-0.9862649071659377,-0.6253648713435828,-0.6164064977950603,-1.7438284611759653,1.0,0.0,0.0,0.0,0.0,0.0,0.0,0.0,1.0,1.0,0.0,0.0,0
-0.04678026128575383,-0.3446056913436069,0.1561187190678381,-0.0701136189928391,-0.6253648713435828,0.7867952858034511,1.6351983476170073,0.0,0.0,0.0,0.0,0.0,0.0,1.0,0.0,0.0,0.0,0.0,0.0,1
-1.0726746626292767,-0.8106653581339788,-0.8300707901019612,-0.9862649071659377,-0.6253648713435828,-0.6164064977950603,-1.634827596376192,0.0,0.0,0.0,0.0,0.0,0.0,1.0,0.0,0.0,1.0,0.0,0.0,0
-0.6879642621254556,-0.7663810909020523,-1.1588006264918942,-0.9862649071659377,-1.1859053352917943,-1.177687211234465,-0.3268172187789122,0.0,0.0,0.0,0.0,0.0,0.0,1.0,0.0,0.0,0.0,1.0,0.0,0
-0.04678026128575383,-0.1928353385972958,-0.6657058719069946,-0.0701136189928391,-0.6253648713435828,-0.6164064977950603,-0.10881548917936558,0.0,0.0,0.0,0.0,0.0,0.0,0.0,1.0,0.0,0.0,0.0,0.0,0
0.4661669393860076,1.518988059304794,-0.008246199127128446,0.8460376691802596,0.4957160565528401,0.7867952858034511,-0.4358180835786855,1.0,0.0,0.0,1.0,0.0,0.0,0.0,0.0,0.0,0.0,0.0,1.0,1
-0.9444378624613363,-0.3802910717343826,-0.8300707901019612,-0.0701136189928391,-0.6253648713435828,-0.6164064977950603,-1.634827596376192,0.0,0.0,0.0,0.0,1.0,0.0,0.0,0.0,0.0,0.0,1.0,0.0,0
2.133245341569232,2.88040681842999,-0.33697603551706157,2.678340245526457,-0.6253648713435828,-0.6164064977950603,2.071201806816101,0.0,0.0,0.0,1.0,0.0,0.0,0.0,0.0,0.0,0.0,0.0,1.0,0
-0.6879642621254556,0.016977500326783027,-0.172611117322095,-0.0701136189928391,-1.1859053352917943,-1.177687211234465,-0.8718215427777788,1.0,0.0,0.0,0.0,0.0,0.0,0.0,0.0,0.0,0.0,0.0,0.0,0
0.4661669393860076,0.058252157164306734,-0.9944357082969277,-0.0701136189928391,-1.1859053352917943,-1.177687211234465,-0.10881548917936558,0.0,0.0,0.0,0.0,0.0,0.0,0.0,1.0,0.0,0.0,0.0,0.0,0
-0.30325386162163454,0.44799670323946544,0.1561187190678381,0.8460376691802596,0.7759862885269458,-0.8970468545147626,-0.3268172187789122,0.0,0.0,0.0,0.0,0.0,0.0,0.0,1.0,0.0,0.0,0.0,1.0,0
0.594403739553948,-0.37298201791940444,1.4710380646275707,-0.0701136189928391,2.45760768037158,1.6287163559625581,-0.3268172187789122,0.0,0.0,0.0,0.0,0.0,0.0,1.0,0.0,0.0,0.0,1.0,0.0,0
2.2614821417371727,2.6217952966823805,3.2790521647722026,2.678340245526457,-0.3450946393694771,1.0674356425231535,1.4171966180174609,1.0,0.0,0.0,0.0,0.0,1.0,0.0,0.0,0.0,0.0,0.0,1.0,0
-0.5597274619575152,-0.36309329805208107,-0.33697603551706157,-0.0701136189928391,-0.6253648713435828,-0.05512578435565574,0.10918624042018105,0.0,0.0,0.0,0.0,1.0,0.0,0.0,0.0,0.0,0.0,1.0,0.0,1
-0.1750170614536942,0.6814564809767089,0.4848485554577712,-0.0701136189928391,1.0562565205010517,0.7867952858034511,-0.7628206779780055,0.0,0.0,0.0,0.0,0.0,0.0,0.0,1.0,0.0,0.0,0.0,1.0,1
1.8767717412333516,2.508504962550219,2.45722757379737,2.678340245526457,1.3365267524751574,1.6287163559625581,0.7631914292188209,0.0,0.0,0.0,1.0,0.0,0.0,0.0,0.0,0.0,0.0,0.0,1.0,0
1.4920613407295304,1.8612237555825948,-0.8300707901019612,1.7621889573533582,-0.6253648713435828,-0.6164064977950603,1.1991948884179142,0.0,0.0,0.0,1.0,0.0,0.0,0.0,0.0,0.0,0.0,0.0,1.0,0
-0.30325386162163454,-0.687486304134494,-0.9944357082969277,-0.9862649071659377,-1.1859053352917943,-1.177687211234465,2.289203536415647,1.0,0.0,0.0,0.0,0.0,0.0,1.0,0.0,0.0,0.0,1.0,0.0,0
-0.9444378624613363,-0.40737756528400754,-0.5013409537120281,-0.0701136189928391,-0.3450946393694771,-0.6164064977950603,-0.8718215427777788,0.0,0.0,0.0,0.0,0.0,0.0,0.0,1.0,0.0,0.0,1.0,0.0,0
-0.1750170614536942,-0.2594767116162143,0.4848485554577712,-0.0701136189928391,0.7759862885269458,0.7867952858034511,-0.3268172187789122,0.0,0.0,0.0,0.0,0.0,0.0,0.0,1.0,0.0,0.0,0.0,0.0,0
-1.0726746626292767,-0.4133967860728131,-0.6657058719069946,-0.9862649071659377,-0.6253648713435828,-0.6164064977950603,-1.0898232723773253,0.0,0.0,1.0,0.0,0.0,0.0,0.0,0.0,0.0,0.0,1.0,0.0,0
-0.1750170614536942,-0.06449695249312053,-0.33697603551706157,-0.0701136189928391,-0.06482440739537135,-0.335766141075358,0.5451896996192743,0.0,0.0,0.0,0.0,0.0,0.0,0.0,1.0,0.0,0.0,0.0,0.0,0
0.08145653888218654,-0.23153032938247428,-0.172611117322095,-0.0701136189928391,-0.6253648713435828,-0.335766141075358,0.436188834819501,1.0,0.0,0.0,0.0,0.0,0.0,1.0,0.0,0.0,0.0,0.0,0.0,0
0.08145653888218654,0.1900300980049423,-0.33697603551706157,0.8460376691802596,-0.3450946393694771,-0.335766141075358,0.0001853756204077356,0.0,0.0,0.0,0.0,0.0,0.0,0.0,1.0,0.0,0.0,0.0,0.0,0
-0.5597274619575152,-0.6133209051295685,-0.008246199127128446,-0.9862649071659377,0.7759862885269458,0.5061549290837488,-1.307825001976872,1.0,0.0,1.0,0.0,0.0,0.0,0.0,0.0,0.0,0.0,1.0,0.0,1
-0.1750170614536942,-0.4310245040971722,0.4848485554577712,-0.0701136189928391,0.7759862885269458,-0.8970468545147626,-0.4358180835786855,0.0,0.0,0.0,0.0,0.0,0.0,0.0,1.0,0.0,0.0,1.0,0.0,0
0.08145653888218654,-0.32977261154262183,0.6492134736527377,-0.0701136189928391,1.0562565205010517,0.7867952858034511,-0.5448189483784588,0.0,0.0,0.0,0.0,0.0,0.0,0.0,1.0,0.0,0.0,0.0,0.0,0
-0.6879642621254556,-0.6717933356493938,-0.9944357082969277,-0.9862649071659377,-0.9056351033176886,-1.177687211234465,-0.10881548917936558,1.0,0.0,0.0,0.0,0.0,0.0,1.0,0.0,0.0,0.0,1.0,0.0,0
-0.816201062293396,-0.8966542265454864,-0.6657058719069946,-0.9862649071659377,-0.6253648713435828,-0.6164064977950603,-1.1988241371770987,1.0,0.0,1.0,0.0,0.0,0.0,0.0,0.0,0.0,1.0,0.0,0.0,1
0.8508773398898287,0.8364514162884515,1.7997679010175038,0.8460376691802596,3.0181481443197913,2.189997069401963,0.32718797001972766,0.0,0.0,0.0,0.0,1.0,0.0,0.0,0.0,0.0,0.0,0.0,1.0,0
1.2355877403936497,0.9321140323962539,2.2928626556024034,0.8460376691802596,0.4957160565528401,1.0674356425231535,0.21818710521995435,1.0,0.0,0.0,0.0,1.0,0.0,0.0,0.0,0.0,0.0,0.0,1.0,0
2.005008541401292,2.2230219194240135,-0.33697603551706157,1.7621889573533582,-0.06482440739537135,-0.8970468545147626,1.1991948884179142,0.0,0.0,0.0,1.0,0.0,0.0,0.0,0.0,0.0,0.0,0.0,1.0,0
-0.9444378624613363,-0.9093375846361839,-0.6657058719069946,-0.9862649071659377,-1.1859053352917943,-0.6164064977950603,-0.5448189483784588,0.0,0.0,1.0,0.0,0.0,0.0,0.0,0.0,0.0,1.0,0.0,0.0,0
1.1073509402257093,-0.5294817584283485,2.1284977374074368,-0.0701136189928391,0.7759862885269458,1.0674356425231535,0.6541905644190477,1.0,0.0,0.0,0.0,0.0,0.0,1.0,0.0,0.0,0.0,1.0,0.0,0
1.2355877403936497,1.2092131608523375,1.7997679010175038,1.7621889573533582,0.7759862885269458,0.22551457236404657,0.21818710521995435,0.0,0.0,0.0,0.0,0.0,0.0,0.0,0.0,0.0,0.0,0.0,1.0,1
-1.3291482629651574,-0.777774615966577,-0.9944357082969277,-0.9862649071659377,-1.1859053352917943,-1.177687211234465,-1.8528293259757387,1.0,0.0,1.0,0.0,0.0,0.0,0.0,0.0,0.0,0.0,1.0,0.0,1
0.9791141400577691,-0.9583512396307432,-0.9944357082969277,-0.0701136189928391,-1.1859053352917943,-1.177687211234465,0.21818710521995435,0.0,0.0,0.0,0.0,0.0,0.0,0.0,0.0,1.0,1.0,0.0,0.0,1
-1.200911462797217,-0.8510801262873874,-0.9944357082969277,-0.9862649071659377,-1.1859053352917943,-1.177687211234465,-0.3268172187789122,0.0,0.0,0.0,0.0,0.0,0.0,1.0,0.0,0.0,1.0,0.0,0.0,0
0.7226405397218884,-0.12124960564471562,1.306673146432604,-0.0701136189928391,0.7759862885269458,2.189997069401963,0.10918624042018105,1.0,0.0,0.0,0.0,1.0,0.0,0.0,0.0,0.0,0.0,0.0,0.0,0
-0.4314906617895749,-0.3794311830502675,0.1561187190678381,-0.0701136189928391,0.7759862885269458,0.22551457236404657,-0.9808224075775521,1.0,0.0,0.0,0.0,0.0,0.0,0.0,1.0,0.0,0.0,1.0,0.0,0
-0.6879642621254556,-0.897944059571659,-0.5013409537120281,-0.9862649071659377,-0.9056351033176886,-0.335766141075358,-0.9808224075775521,0.0,0.0,1.0,0.0,0.0,0.0,0.0,0.0,0.0,1.0,0.0,0.0,1
0.4661669393860076,-0.20444383583284934,1.306673146432604,-0.0701136189928391,1.6167969844492631,2.189997069401963,0.8721922940185942,0.0,0.0,0.0,0.0,0.0,0.0,0.0,1.0,0.0,0.0,0.0,0.0,0
-0.5597274619575152,-0.48369268599922066,-0.008246199127128446,-0.0701136189928391,0.7759862885269458,0.7867952858034511,-1.1988241371770987,0.0,0.0,0.0,0.0,0.0,0.0,0.0,1.0,0.0,0.0,1.0,0.0,0
0.8508773398898287,-0.24378374313111412,1.4710380646275707,-0.0701136189928391,2.737877912345686,2.189997069401963,-0.10881548917936558,1.0,0.0,0.0,0.0,1.0,0.0,0.0,0.0,0.0,0.0,0.0,0.0,0
0.08145653888218654,0.33879084035685064,-0.8300707901019612,-0.0701136189928391,-0.6253648713435828,-0.6164064977950603,1.1991948884179142,0.0,0.0,0.0,0.0,0.0,0.0,0.0,1.0,0.0,0.0,0.0,0.0,0
-0.4314906617895749,-0.43467903100466126,-0.33697603551706157,-0.0701136189928391,-0.6253648713435828,-0.6164064977950603,0.6541905644190477,1.0,0.0,0.0,0.0,0.0,0.0,0.0,0.0,0.0,0.0,1.0,0.0,0
-0.4314906617895749,0.008378613485632257,-0.33697603551706157,-0.0701136189928391,-0.6253648713435828,-0.05512578435565574,-0.6538198131782321,1.0,0.0,0.0,0.0,0.0,0.0,0.0,1.0,0.0,0.0,0.0,0.0,0
0.594403739553948,-0.17133812149441888,1.306673146432604,-0.0701136189928391,1.6167969844492631,1.9093567126822604,-0.3268172187789122,1.0,0.0,0.0,0.0,0.0,0.0,1.0,0.0,0.0,0.0,0.0,0.0,0
0.7226405397218884,-0.671578363478365,-0.172611117322095,-0.9862649071659377,0.2154458245787344,-0.6164064977950603,1.0901940236181409,0.0,0.0,0.0,0.0,0.0,0.0,1.0,0.0,0.0,0.0,1.0,0.0,0
-0.1750170614536942,-0.2396992718815675,0.1561187190678381,-0.0701136189928391,0.7759862885269458,0.7867952858034511,-0.3268172187789122,0.0,0.0,1.0,0.0,0.0,0.0,0.0,0.0,0.0,0.0,0.0,0.0,0
-1.200911462797217,-0.9738292359448146,-0.8300707901019612,-0.9862649071659377,-0.6253648713435828,-0.6164064977950603,-0.2178163539791389,0.0,0.0,0.0,0.0,0.0,0.0,0.0,0.0,1.0,1.0,0.0,0.0,0
-0.30325386162163454,-0.06084242558563145,-0.008246199127128446,-0.0701136189928391,0.7759862885269458,0.7867952858034511,0.10918624042018105,0.0,0.0,0.0,0.0,1.0,0.0,0.0,0.0,0.0,0.0,0.0,0.0,0
-1.3291482629651574,-1.1438722232285712,-0.9944357082969277,-0.9862649071659377,-1.1859053352917943,-0.8970468545147626,-1.5258267315764187,0.0,0.0,0.0,0.0,0.0,0.0,1.0,0.0,0.0,1.0,0.0,0.0,0
0.9791141400577691,-0.7272561557748163,-0.9944357082969277,-0.9862649071659377,-1.1859053352917943,-1.177687211234465,0.7631914292188209,1.0,0.0,1.0,0.0,0.0,0.0,0.0,0.0,0.0,0.0,1.0,0.0,1
-0.816201062293396,-0.5931135210528642,-0.33697603551706157,-0.9862649071659377,-0.06482440739537135,-0.05512578435565574,-0.8718215427777788,0.0,0.0,0.0,0.0,0.0,0.0,1.0,0.0,0.0,0.0,1.0,0.0,0
-0.1750170614536942,0.1158646990000169,0.4848485554577712,0.8460376691802596,1.3365267524751574,0.5061549290837488,-0.3268172187789122,1.0,0.0,0.0,0.0,0.0,0.0,0.0,1.0,0.0,0.0,0.0,0.0,0
-0.04678026128575383,-0.18703108997951903,0.32048363726280465,-0.0701136189928391,1.0562565205010517,1.0674356425231535,-0.10881548917936558,0.0,0.0,1.0,0.0,0.0,0.0,0.0,0.0,0.0,0.0,0.0,0.0,0
2.9026661425768743,1.5118939776608447,4.265241673942002,1.7621889573533582,1.3365267524751574,-1.177687211234465,1.9622009420163273,1.0,0.0,0.0,0.0,0.0,0.0,0.0,0.0,0.0,0.0,0.0,1.0,0
1.36382454056159,2.281924294285896,-0.5013409537120281,1.7621889573533582,-0.9056351033176886,-1.177687211234465,0.6541905644190477,0.0,0.0,0.0,0.0,0.0,1.0,0.0,0.0,0.0,0.0,0.0,1.0,0
-0.1750170614536942,-0.33235227759496705,0.1561187190678381,-0.0701136189928391,0.7759862885269458,0.7867952858034511,-0.5448189483784588,1.0,0.0,0.0,0.0,0.0,0.0,1.0,0.0,0.0,0.0,0.0,0.0,0
-0.9444378624613363,-0.4075925374550363,-1.1588006264918942,-0.0701136189928391,-1.1859053352917943,-1.177687211234465,-0.5448189483784588,0.0,0.0,0.0,0.0,0.0,0.0,0.0,1.0,0.0,0.0,1.0,0.0,0
-0.6879642621254556,-0.07825517143896177,-0.172611117322095,-0.0701136189928391,0.2154458245787344,-0.05512578435565574,-1.307825001976872,0.0,0.0,0.0,0.0,0.0,0.0,0.0,1.0,0.0,0.0,0.0,0.0,0
-0.1750170614536942,-0.4856274355384796,0.4848485554577712,-0.0701136189928391,1.0562565205010517,0.7867952858034511,0.0001853756204077356,0.0,0.0,0.0,0.0,0.0,0.0,1.0,0.0,0.0,0.0,1.0,0.0,0
-0.30325386162163454,0.018912249866041952,0.1561187190678381,-0.0701136189928391,0.7759862885269458,-0.8970468545147626,0.8721922940185942,0.0,0.0,0.0,0.0,0.0,0.0,0.0,0.0,1.0,0.0,0.0,0.0,0
-0.6879642621254556,-0.8050760816872308,-0.6657058719069946,-0.9862649071659377,-0.6253648713435828,-0.6164064977950603,-0.4358180835786855,1.0,0.0,0.0,0.0,0.0,0.0,1.0,0.0,0.0,1.0,0.0,0.0,0
-0.9444378624613363,-0.5516238920443117,-0.8300707901019612,-0.9862649071659377,-0.6253648713435828,-0.6164064977950603,-0.6538198131782321,0.0,0.0,1.0,0.0,0.0,0.0,0.0,0.0,0.0,0.0,1.0,0.0,0
-0.4314906617895749,-0.4811130199468754,-1.1588006264918942,-0.0701136189928391,-1.1859053352917943,-1.177687211234465,-1.1988241371770987,0.0,0.0,0.0,0.0,0.0,0.0,0.0,1.0,0.0,0.0,1.0,0.0,0
-0.6879642621254556,0.3110594302941394,-0.8300707901019612,-0.0701136189928391,-0.6253648713435828,-0.6164064977950603,0.9811931588183676,0.0,0.0,0.0,0.0,0.0,0.0,0.0,1.0,0.0,0.0,0.0,0.0,0
-0.04678026128575383,0.17025265827029554,0.6492134736527377,0.8460376691802596,1.0562565205010517,1.6287163559625581,-0.8718215427777788,0.0,0.0,0.0,0.0,0.0,0.0,0.0,1.0,0.0,0.0,0.0,0.0,1
-1.4573850631330978,-1.1419374736893122,-1.1588006264918942,-0.9862649071659377,-1.1859053352917943,-1.177687211234465,-1.7438284611759653,0.0,0.0,0.0,0.0,0.0,0.0,1.0,0.0,0.0,1.0,0.0,0.0,0
2.7744293424089337,2.8593395456691706,4.100876755747035,2.678340245526457,2.737877912345686,1.3480759992428557,1.6351983476170073,0.0,0.0,0.0,1.0,0.0,0.0,0.0,0.0,0.0,0.0,0.0,1.0,1
0.7226405397218884,-0.5640922779639803,-0.6657058719069946,-0.9862649071659377,-0.9056351033176886,-0.6164064977950603,0.0001853756204077356,0.0,0.0,0.0,0.0,0.0,0.0,1.0,0.0,0.0,0.0,1.0,0.0,0
-0.1750170614536942,-0.2994615354275654,0.4848485554577712,-0.0701136189928391,-1.1859053352917943,1.3480759992428557,0.21818710521995435,0.0,0.0,0.0,0.0,1.0,0.0,0.0,0.0,0.0,0.0,0.0,0.0,0
-0.816201062293396,-0.8620437070098546,-0.9944357082969277,-0.9862649071659377,-1.1859053352917943,-1.177687211234465,-1.0898232723773253,0.0,0.0,0.0,0.0,0.0,0.0,0.0,0.0,1.0,1.0,0.0,0.0,0
0.7226405397218884,0.009023529998718565,1.4710380646275707,-0.0701136189928391,1.0562565205010517,1.9093567126822604,-0.10881548917936558,1.0,0.0,0.0,0.0,0.0,0.0,0.0,0.0,0.0,0.0,0.0,0.0,0
0.594403739553948,0.004939058749171948,1.306673146432604,-0.0701136189928391,1.8970672164233688,1.9093567126822604,1.3081957532176876,0.0,0.0,0.0,0.0,1.0,0.0,0.0,0.0,0.0,0.0,0.0,0.0,0
-0.30325386162163454,-0.6257892910492372,0.32048363726280465,-0.0701136189928391,1.0562565205010517,1.0674356425231535,0.8721922940185942,1.0,0.0,1.0,0.0,0.0,0.0,0.0,0.0,0.0,0.0,1.0,0.0,0
1.2355877403936497,2.1841119564678064,2.2928626556024034,1.7621889573533582,0.4957160565528401,0.5061549290837488,0.8721922940185942,0.0,0.0,0.0,0.0,0.0,1.0,0.0,0.0,0.0,0.0,0.0,1.0,0
-0.816201062293396,-0.5866643559220012,-0.33697603551706157,-0.9862649071659377,-0.3450946393694771,-1.177687211234465,-0.3268172187789122,1.0,0.0,0.0,0.0,0.0,0.0,1.0,0.0,0.0,0.0,1.0,0.0,0
-0.9444378624613363,-0.3774964335110086,-0.6657058719069946,-0.0701136189928391,-0.6253648713435828,-0.6164064977950603,-0.2178163539791389,1.0,0.0,0.0,0.0,1.0,0.0,0.0,0.0,0.0,0.0,1.0,0.0,0
-0.816201062293396,-0.6328833726931865,-0.33697603551706157,-0.9862649071659377,-0.06482440739537135,-0.05512578435565574,-0.4358180835786855,0.0,1.0,0.0,0.0,0.0,0.0,0.0,0.0,0.0,0.0,1.0,0.0,0
0.33793013921806725,0.8289273903024447,1.1423082282376373,0.8460376691802596,1.0562565205010517,1.0674356425231535,-0.5448189483784588,0.0,0.0,0.0,0.0,0.0,0.0,0.0,1.0,0.0,0.0,0.0,1.0,1
-0.1750170614536942,-0.26657079326016364,0.1561187190678381,-0.0701136189928391,0.7759862885269458,0.7867952858034511,-0.7628206779780055,0.0,0.0,0.0,0.0,0.0,0.0,0.0,1.0,0.0,0.0,0.0,0.0,0
-0.30325386162163454,0.4464918980422641,0.1561187190678381,0.8460376691802596,0.7759862885269458,0.7867952858034511,-0.3268172187789122,0.0,0.0,0.0,0.0,0.0,0.0,0.0,0.0,0.0,0.0,0.0,1.0,0
-1.0726746626292767,-0.9076178072679537,-1.1588006264918942,-0.9862649071659377,-1.1859053352917943,-1.177687211234465,-1.5258267315764187,0.0,0.0,0.0,0.0,0.0,0.0,0.0,0.0,1.0,1.0,0.0,0.0,0
-0.04678026128575383,-0.23711960582922226,0.4848485554577712,-0.0701136189928391,0.7759862885269458,-1.177687211234465,1.5261974828172342,1.0,0.0,0.0,0.0,0.0,0.0,0.0,1.0,0.0,0.0,0.0,0.0,0
-0.816201062293396,-0.9437331320007869,-0.5013409537120281,-0.9862649071659377,-0.6253648713435828,-0.6164064977950603,-0.9808224075775521,1.0,0.0,1.0,0.0,0.0,0.0,0.0,0.0,0.0,1.0,0.0,0.0,0
-0.1750170614536942,-0.1481211270233118,0.32048363726280465,-0.0701136189928391,0.7759862885269458,0.22551457236404657,-0.6538198131782321,1.0,0.0,0.0,0.0,0.0,0.0,0.0,0.0,0.0,0.0,0.0,0.0,0
-0.30325386162163454,0.18659054326848198,0.32048363726280465,0.8460376691802596,0.7759862885269458,0.7867952858034511,-1.0898232723773253,0.0,0.0,0.0,0.0,1.0,0.0,0.0,0.0,0.0,0.0,0.0,0.0,0
-0.6879642621254556,-0.34568055219875077,-0.33697603551706157,-0.9862649071659377,-0.9056351033176886,-0.05512578435565574,-0.9808224075775521,0.0,1.0,0.0,0.0,0.0,0.0,0.0,0.0,0.0,0.0,0.0,0.0,0
-0.1750170614536942,-0.2988166189144791,0.1561187190678381,-0.0701136189928391,0.7759862885269458,0.7867952858034511,0.8721922940185942,0.0,0.0,0.0,0.0,0.0,0.0,0.0,1.0,0.0,0.0,0.0,0.0,0
-0.30325386162163454,-0.015483297498561133,0.32048363726280465,-0.0701136189928391,1.0562565205010517,1.0674356425231535,0.21818710521995435,1.0,0.0,1.0,0.0,0.0,0.0,0.0,0.0,0.0,0.0,0.0,0.0,0
-0.4314906617895749,-0.8661281782594012,-0.8300707901019612,-0.9862649071659377,-0.9056351033176886,-0.6164064977950603,0.5451896996192743,1.0,0.0,0.0,0.0,0.0,0.0,1.0,0.0,0.0,1.0,0.0,0.0,0
-0.30325386162163454,-0.40028348364005817,-0.008246199127128446,-0.0701136189928391,0.7759862885269458,-0.8970468545147626,-0.4358180835786855,0.0,0.0,0.0,0.0,0.0,0.0,0.0,1.0,0.0,0.0,1.0,0.0,0
-0.1750170614536942,0.23646408694715648,0.32048363726280465,0.8460376691802596,0.7759862885269458,-0.05512578435565574,-0.10881548917936558,0.0,0.0,0.0,0.0,0.0,0.0,0.0,1.0,0.0,0.0,0.0,0.0,0
1.1073509402257093,-0.24485860398625797,-0.5013409537120281,-0.0701136189928391,-0.6253648713435828,-0.335766141075358,0.10918624042018105,1.0,0.0,0.0,0.0,0.0,0.0,0.0,0.0,1.0,0.0,0.0,0.0,0
2.389718941905113,1.5439248311441314,-0.33697603551706157,1.7621889573533582,-0.3450946393694771,-0.335766141075358,2.3982044012154207,1.0,0.0,0.0,0.0,1.0,0.0,0.0,0.0,0.0,0.0,0.0,1.0,0
-0.1750170614536942,0.08318892900364397,-0.6657058719069946,-0.0701136189928391,-0.6253648713435828,-0.6164064977950603,-0.8718215427777788,0.0,0.0,0.0,0.0,0.0,0.0,0.0,1.0,0.0,0.0,0.0,0.0,0
2.133245341569232,2.7122985806854922,-0.33697603551706157,2.678340245526457,-0.06482440739537135,-0.335766141075358,1.3081957532176876,0.0,0.0,0.0,0.0,0.0,1.0,0.0,0.0,0.0,0.0,0.0,1.0,0
0.9791141400577691,-0.042354818877157294,1.7997679010175038,-0.0701136189928391,0.7759862885269458,2.470637426121665,1.4171966180174609,0.0,0.0,0.0,0.0,0.0,0.0,0.0,1.0,0.0,0.0,0.0,0.0,0
-0.6879642621254556,-0.04192487453509976,-0.33697603551706157,-0.0701136189928391,-0.06482440739537135,-0.05512578435565574,-1.0898232723773253,1.0,0.0,0.0,0.0,0.0,0.0,0.0,1.0,0.0,0.0,0.0,0.0,0
-0.1750170614536942,-0.7756248942562893,-0.172611117322095,-0.9862649071659377,-0.3450946393694771,-0.335766141075358,0.5451896996192743,0.0,0.0,0.0,0.0,0.0,0.0,1.0,0.0,0.0,0.0,1.0,0.0,0
-0.4314906617895749,-0.7571372875478152,-0.9944357082969277,-0.9862649071659377,-1.1859053352917943,-1.177687211234465,0.0001853756204077356,0.0,0.0,0.0,0.0,0.0,0.0,1.0,0.0,0.0,0.0,1.0,0.0,0
0.08145653888218654,-0.6131059329585398,0.6492134736527377,-0.9862649071659377,1.6167969844492631,0.7867952858034511,-0.10881548917936558,0.0,0.0,0.0,0.0,0.0,0.0,1.0,0.0,0.0,0.0,1.0,0.0,0
1.1073509402257093,-0.3168742812808957,-0.33697603551706157,-0.0701136189928391,-1.1859053352917943,-0.05512578435565574,1.0901940236181409,0.0,0.0,0.0,0.0,1.0,0.0,0.0,0.0,0.0,0.0,0.0,0.0,0
1.2355877403936497,1.4611605452980552,2.1284977374074368,1.7621889573533582,1.0562565205010517,1.6287163559625581,0.21818710521995435,0.0,0.0,0.0,0.0,0.0,0.0,0.0,1.0,0.0,0.0,0.0,1.0,0
-0.1750170614536942,-0.024512128681769444,-0.6657058719069946,-0.0701136189928391,-0.6253648713435828,-0.6164064977950603,0.436188834819501,0.0,1.0,0.0,0.0,0.0,0.0,0.0,0.0,0.0,0.0,0.0,0.0,0
-0.30325386162163454,0.21690161938353847,0.1561187190678381,0.8460376691802596,0.7759862885269458,0.7867952858034511,-0.8718215427777788,1.0,0.0,0.0,0.0,0.0,0.0,0.0,0.0,0.0,0.0,0.0,0.0,1
0.9791141400577691,-0.47874832606555895,-0.6657058719069946,-0.0701136189928391,-0.6253648713435828,-0.6164064977950603,0.10918624042018105,1.0,0.0,0.0,0.0,0.0,0.0,1.0,0.0,0.0,0.0,1.0,0.0,0
-0.4314906617895749,-0.8972991430585727,0.1561187190678381,-0.9862649071659377,-1.1859053352917943,0.7867952858034511,-0.5448189483784588,0.0,0.0,1.0,0.0,0.0,0.0,0.0,0.0,0.0,1.0,0.0,0.0,0
-0.1750170614536942,0.19389959708346016,0.4848485554577712,0.8460376691802596,1.0562565205010517,0.7867952858034511,-0.6538198131782321,0.0,0.0,0.0,0.0,1.0,0.0,0.0,0.0,0.0,0.0,0.0,0.0,1
-1.0726746626292767,-0.7367149313000821,-0.8300707901019612,-0.9862649071659377,-0.6253648713435828,-0.6164064977950603,-1.7438284611759653,0.0,0.0,0.0,0.0,0.0,0.0,1.0,0.0,0.0,0.0,1.0,0.0,0
0.08145653888218654,-0.2111079731347412,-0.33697603551706157,-0.0701136189928391,-0.6253648713435828,-0.6164064977950603,0.6541905644190477,0.0,0.0,0.0,0.0,0.0,0.0,0.0,0.0,0.0,0.0,0.0,0.0,0
-0.5597274619575152,-0.6960851909756447,-1.1588006264918942,-0.9862649071659377,-1.1859053352917943,-1.177687211234465,0.10918624042018105,0.0,0.0,1.0,0.0,0.0,0.0,0.0,0.0,0.0,0.0,1.0,0.0,0
0.9791141400577691,1.4456825489839837,1.1423082282376373,0.8460376691802596,1.8970672164233688,1.9093567126822604,1.4171966180174609,0.0,0.0,0.0,0.0,0.0,1.0,0.0,0.0,0.0,0.0,0.0,1.0,0
0.2096933390501269,0.8822404887175794,0.9779433100426709,0.8460376691802596,1.0562565205010517,1.0674356425231535,-0.6538198131782321,0.0,0.0,0.0,0.0,1.0,0.0,0.0,0.0,0.0,0.0,0.0,1.0,0
-0.1750170614536942,-0.15714995820652009,0.4848485554577712,-0.0701136189928391,0.7759862885269458,0.7867952858034511,-0.2178163539791389,1.0,0.0,0.0,0.0,0.0,0.0,0.0,1.0,0.0,0.0,0.0,0.0,1
0.8508773398898287,-0.5045449865890113,-0.9944357082969277,-0.0701136189928391,-1.1859053352917943,-0.8970468545147626,0.0001853756204077356,1.0,0.0,0.0,0.0,1.0,0.0,0.0,0.0,0.0,0.0,1.0,0.0,0
-0.4314906617895749,-0.0709461176239836,0.1561187190678381,-0.0701136189928391,0.7759862885269458,0.7867952858034511,-1.0898232723773253,0.0,0.0,0.0,0.0,0.0,0.0,0.0,1.0,0.0,0.0,0.0,0.0,0
2.005008541401292,0.9576957207486775,1.306673146432604,0.8460376691802596,1.8970672164233688,1.0674356425231535,1.1991948884179142,0.0,0.0,0.0,0.0,0.0,0.0,0.0,0.0,0.0,0.0,0.0,1.0,0
1.1073509402257093,-0.948247547592391,2.1284977374074368,-0.0701136189928391,1.8970672164233688,0.7867952858034511,0.10918624042018105,1.0,0.0,0.0,0.0,0.0,0.0,1.0,0.0,0.0,1.0,0.0,0.0,0
-0.9444378624613363,-0.4664949123169191,-0.6657058719069946,-0.0701136189928391,-0.6253648713435828,-0.6164064977950603,-0.10881548917936558,0.0,0.0,0.0,0.0,1.0,0.0,0.0,0.0,0.0,0.0,1.0,0.0,0
-0.6879642621254556,-0.9555566014073692,-0.33697603551706157,-0.9862649071659377,-1.1859053352917943,-0.05512578435565574,-1.0898232723773253,0.0,0.0,1.0,0.0,0.0,0.0,0.0,0.0,0.0,1.0,0.0,0.0,0
-0.816201062293396,-0.9706046533793831,-0.33697603551706157,-0.9862649071659377,-0.06482440739537135,-1.177687211234465,-0.3268172187789122,0.0,0.0,0.0,0.0,0.0,0.0,1.0,0.0,0.0,1.0,0.0,0.0,0
2.133245341569232,1.5533836066693971,2.45722757379737,1.7621889573533582,-0.6253648713435828,2.470637426121665,1.0901940236181409,1.0,0.0,0.0,0.0,0.0,0.0,0.0,1.0,0.0,0.0,0.0,1.0,0
0.7226405397218884,-0.8506501819453298,-0.8300707901019612,-0.9862649071659377,-0.6253648713435828,-0.6164064977950603,1.3081957532176876,1.0,0.0,1.0,0.0,0.0,0.0,0.0,0.0,0.0,1.0,0.0,0.0,0
2.2614821417371727,2.435844368742495,-0.9944357082969277,1.7621889573533582,-1.1859053352917943,-1.177687211234465,2.289203536415647,1.0,0.0,0.0,1.0,0.0,0.0,0.0,0.0,0.0,0.0,0.0,1.0,0
-0.6879642621254556,-0.7184422967626367,-0.33697603551706157,-0.9862649071659377,-0.3450946393694771,-0.05512578435565574,-1.4168258667766453,1.0,0.0,0.0,0.0,0.0,0.0,0.0,0.0,1.0,0.0,1.0,0.0,1
-0.9444378624613363,-0.7231716845252696,-0.6657058719069946,-0.9862649071659377,-0.6253648713435828,-0.6164064977950603,-0.8718215427777788,0.0,0.0,1.0,0.0,0.0,0.0,0.0,0.0,0.0,0.0,1.0,0.0,0
0.7226405397218884,0.021921860260444723,1.6354029828225372,-0.0701136189928391,1.8970672164233688,1.0674356425231535,-0.2178163539791389,0.0,0.0,0.0,0.0,0.0,0.0,1.0,0.0,0.0,0.0,0.0,0.0,0
-0.816201062293396,-0.8977290874006303,-0.33697603551706157,-0.9862649071659377,-0.06482440739537135,-0.335766141075358,-1.1988241371770987,0.0,0.0,0.0,0.0,0.0,0.0,1.0,0.0,0.0,1.0,0.0,0.0,0
3.6720869435845165,2.7305712152229376,3.936511837552069,2.678340245526457,3.0181481443197913,1.0674356425231535,2.289203536415647,1.0,0.0,0.0,0.0,0.0,1.0,0.0,0.0,0.0,0.0,0.0,1.0,1
1.36382454056159,2.4758291925538463,-1.1588006264918942,2.678340245526457,-1.1859053352917943,-1.177687211234465,0.8721922940185942,0.0,0.0,0.0,1.0,0.0,0.0,0.0,0.0,0.0,0.0,0.0,1.0,0
0.9791141400577691,1.1859961663812304,0.4848485554577712,0.8460376691802596,1.0562565205010517,-0.8970468545147626,0.10918624042018105,0.0,0.0,0.0,0.0,0.0,1.0,0.0,0.0,0.0,0.0,0.0,1.0,0
-1.200911462797217,-0.9243856366081977,-0.8300707901019612,-0.9862649071659377,-0.9056351033176886,-0.6164064977950603,-1.634827596376192,0.0,0.0,0.0,0.0,0.0,0.0,1.0,0.0,0.0,1.0,0.0,0.0,0
-0.816201062293396,-0.9095525568072126,-0.8300707901019612,-0.9862649071659377,-0.6253648713435828,-0.6164064977950603,-0.4358180835786855,1.0,0.0,0.0,0.0,0.0,0.0,1.0,0.0,0.0,1.0,0.0,0.0,1
-0.1750170614536942,0.40156271429725127,0.32048363726280465,0.8460376691802596,1.0562565205010517,1.0674356425231535,-0.7628206779780055,0.0,0.0,0.0,0.0,0.0,0.0,0.0,1.0,0.0,0.0,0.0,1.0,0
-1.0726746626292767,-0.7835788645843538,-0.8300707901019612,-0.9862649071659377,-0.6253648713435828,-0.6164064977950603,0.10918624042018105,0.0,0.0,0.0,0.0,0.0,0.0,0.0,0.0,1.0,1.0,0.0,0.0,0
-1.200911462797217,-0.8960093100324001,-0.8300707901019612,-0.9862649071659377,-0.6253648713435828,-0.6164064977950603,-0.2178163539791389,0.0,0.0,1.0,0.0,0.0,0.0,0.0,0.0,0.0,1.0,0.0,0.0,0
-0.1750170614536942,-0.41210695304664047,0.32048363726280465,-0.0701136189928391,-0.6253648713435828,0.7867952858034511,-0.7628206779780055,0.0,0.0,1.0,0.0,0.0,0.0,0.0,0.0,0.0,0.0,1.0,0.0,0
-0.6879642621254556,-0.4078075096260651,-0.172611117322095,-0.0701136189928391,0.2154458245787344,-0.05512578435565574,-1.0898232723773253,1.0,0.0,0.0,0.0,0.0,0.0,0.0,1.0,0.0,0.0,1.0,0.0,0
-0.816201062293396,-0.8377518516836037,-0.33697603551706157,-0.9862649071659377,-0.6253648713435828,-0.05512578435565574,-1.5258267315764187,0.0,0.0,1.0,0.0,0.0,0.0,0.0,0.0,0.0,1.0,0.0,0.0,0
1.6202981408974708,2.7481989332472967,-0.8300707901019612,2.678340245526457,-0.9056351033176886,-0.6164064977950603,0.9811931588183676,1.0,0.0,0.0,0.0,0.0,1.0,0.0,0.0,0.0,0.0,0.0,1.0,0
-0.30325386162163454,0.057392268480191654,-0.008246199127128446,-0.0701136189928391,0.4957160565528401,0.7867952858034511,-1.0898232723773253,0.0,0.0,0.0,0.0,0.0,0.0,0.0,0.0,0.0,0.0,0.0,0.0,0
-0.4314906617895749,-0.6741580295307102,-0.5013409537120281,-0.9862649071659377,-0.3450946393694771,-0.335766141075358,-0.4358180835786855,0.0,0.0,1.0,0.0,0.0,0.0,0.0,0.0,0.0,0.0,1.0,0.0,1
0.8508773398898287,-0.022577379142510522,0.1561187190678381,-0.0701136189928391,0.7759862885269458,0.7867952858034511,1.1991948884179142,0.0,0.0,0.0,0.0,0.0,0.0,0.0,1.0,0.0,0.0,0.0,0.0,0
0.4661669393860076,-0.15757990254857762,-0.9944357082969277,-0.0701136189928391,-1.1859053352917943,-1.177687211234465,0.10918624042018105,1.0,0.0,0.0,0.0,0.0,0.0,0.0,0.0,0.0,0.0,0.0,0.0,0
-0.6879642621254556,-0.857959235760308,-0.33697603551706157,-0.9862649071659377,-0.6253648713435828,-0.335766141075358,-0.3268172187789122,0.0,0.0,0.0,0.0,0.0,0.0,1.0,0.0,0.0,1.0,0.0,0.0,0
-0.816201062293396,-0.4733740217898397,-0.5013409537120281,-0.0701136189928391,-0.6253648713435828,-0.8970468545147626,-1.0898232723773253,0.0,0.0,0.0,0.0,0.0,0.0,0.0,1.0,0.0,0.0,1.0,0.0,0
-1.3291482629651574,-0.9589961561438295,-0.9944357082969277,-0.9862649071659377,-1.1859053352917943,-1.177687211234465,-0.7628206779780055,0.0,0.0,0.0,0.0,0.0,0.0,1.0,0.0,0.0,1.0,0.0,0.0,0
-0.5597274619575152,-0.2528125743143224,-0.172611117322095,-0.0701136189928391,0.2154458245787344,-0.6164064977950603,-0.4358180835786855,1.0,0.0,0.0,0.0,0.0,0.0,0.0,1.0,0.0,0.0,0.0,0.0,0
-1.3291482629651574,-0.848715432406071,-0.9944357082969277,-0.9862649071659377,-1.1859053352917943,-1.177687211234465,-0.9808224075775521,0.0,0.0,1.0,0.0,0.0,0.0,0.0,0.0,0.0,1.0,0.0,0.0,1
-1.3291482629651574,-1.021983002255259,-0.9944357082969277,-0.9862649071659377,-1.1859053352917943,-1.177687211234465,-1.5258267315764187,0.0,0.0,0.0,0.0,0.0,0.0,0.0,0.0,1.0,1.0,0.0,0.0,1
1.1073509402257093,-0.31751919779398197,1.9641328192124703,-0.0701136189928391,1.6167969844492631,0.7867952858034511,1.0901940236181409,1.0,0.0,0.0,0.0,1.0,0.0,0.0,0.0,0.0,0.0,0.0,0.0,0
-0.1750170614536942,-0.9607159335120597,-0.5013409537120281,-0.9862649071659377,-0.6253648713435828,-0.335766141075358,1.5261974828172342,0.0,0.0,1.0,0.0,0.0,0.0,0.0,0.0,0.0,1.0,0.0,0.0,0
-0.1750170614536942,-0.674373001701739,0.4848485554577712,-0.0701136189928391,1.3365267524751574,1.0674356425231535,-0.2178163539791389,0.0,0.0,1.0,0.0,0.0,0.0,0.0,0.0,0.0,0.0,1.0,0.0,0
-0.4314906617895749,-0.835602129973316,-0.33697603551706157,-0.9862649071659377,-0.6253648713435828,-0.05512578435565574,-0.7628206779780055,1.0,0.0,0.0,0.0,0.0,0.0,1.0,0.0,0.0,1.0,0.0,0.0,1
0.2096933390501269,-0.055038176967854686,-0.5013409537120281,-0.0701136189928391,-0.3450946393694771,-0.6164064977950603,0.10918624042018105,0.0,0.0,0.0,0.0,0.0,0.0,0.0,0.0,0.0,0.0,0.0,0.0,0
-0.6879642621254556,-0.540230366979787,-0.8300707901019612,-0.9862649071659377,-0.6253648713435828,-0.6164064977950603,-1.307825001976872,0.0,0.0,1.0,0.0,0.0,0.0,0.0,0.0,0.0,0.0,1.0,0.0,1
-0.30325386162163454,-0.5118540404039894,0.32048363726280465,-0.0701136189928391,-1.1859053352917943,0.7867952858034511,1.0901940236181409,1.0,0.0,0.0,0.0,0.0,0.0,0.0,1.0,0.0,0.0,1.0,0.0,0
2.2614821417371727,2.8206445548839922,2.45722757379737,2.678340245526457,1.6167969844492631,1.3480759992428557,1.1991948884179142,0.0,0.0,0.0,0.0,0.0,1.0,0.0,0.0,0.0,0.0,0.0,1.0,0
0.594403739553948,0.9370583923299156,0.9779433100426709,0.8460376691802596,1.6167969844492631,1.0674356425231535,-0.2178163539791389,0.0,0.0,0.0,0.0,1.0,0.0,0.0,0.0,0.0,0.0,0.0,1.0,0
-0.4314906617895749,-0.8175444676068994,-0.008246199127128446,-0.9862649071659377,0.7759862885269458,-1.177687211234465,-1.1988241371770987,1.0,1.0,0.0,0.0,0.0,0.0,0.0,0.0,0.0,1.0,0.0,0.0,1
-0.1750170614536942,0.9920912681132805,-0.008246199127128446,0.8460376691802596,0.7759862885269458,0.7867952858034511,-0.5448189483784588,0.0,0.0,0.0,0.0,0.0,1.0,0.0,0.0,0.0,0.0,0.0,1.0,0
-0.6879642621254556,-0.4774584930393863,-0.33697603551706157,-0.9862649071659377,-0.06482440739537135,-0.05512578435565574,-0.2178163539791389,0.0,1.0,0.0,0.0,0.0,0.0,0.0,0.0,0.0,0.0,1.0,0.0,0
-0.04678026128575383,-0.6229946528258632,-0.9944357082969277,-0.9862649071659377,-1.1859053352917943,-1.177687211234465,0.21818710521995435,1.0,0.0,1.0,0.0,0.0,0.0,0.0,0.0,0.0,0.0,1.0,0.0,1
-0.4314906617895749,-0.4944412945506591,0.1561187190678381,-0.0701136189928391,0.7759862885269458,0.7867952858034511,0.32718797001972766,0.0,0.0,0.0,0.0,0.0,0.0,0.0,0.0,0.0,0.0,1.0,0.0,0
0.08145653888218654,-0.6373977882847907,0.6492134736527377,-0.9862649071659377,1.3365267524751574,0.7867952858034511,-0.7628206779780055,1.0,0.0,0.0,0.0,0.0,0.0,1.0,0.0,0.0,0.0,1.0,0.0,0
-0.5597274619575152,0.06620612749237119,-0.33697603551706157,-0.0701136189928391,-0.9056351033176886,-0.335766141075358,0.32718797001972766,0.0,0.0,0.0,0.0,0.0,0.0,0.0,1.0,0.0,0.0,0.0,0.0,0
-0.6879642621254556,-0.5565682519779734,-0.33697603551706157,-0.9862649071659377,-0.3450946393694771,-0.335766141075358,-1.1988241371770987,0.0,0.0,1.0,0.0,0.0,0.0,0.0,0.0,0.0,0.0,1.0,0.0,0
-1.0726746626292767,-0.8457058220116681,-0.6657058719069946,-0.9862649071659377,-0.6253648713435828,-0.6164064977950603,-1.7438284611759653,0.0,0.0,0.0,0.0,0.0,0.0,0.0,0.0,1.0,1.0,0.0,0.0,0
0.2096933390501269,0.4950756086947659,-0.6657058719069946,-0.0701136189928391,-0.6253648713435828,-0.6164064977950603,-0.10881548917936558,1.0,0.0,0.0,0.0,1.0,0.0,0.0,0.0,0.0,0.0,0.0,1.0,0
-0.816201062293396,-0.9458828537110746,-0.33697603551706157,-0.9862649071659377,-0.3450946393694771,-0.05512578435565574,-0.9808224075775521,0.0,0.0,0.0,0.0,0.0,0.0,1.0,0.0,0.0,1.0,0.0,0.0,0
-0.4314906617895749,-0.8562394583920778,-1.1588006264918942,-0.9862649071659377,-1.1859053352917943,-1.177687211234465,-0.9808224075775521,0.0,0.0,1.0,0.0,0.0,0.0,0.0,0.0,0.0,1.0,0.0,0.0,1
-1.3291482629651574,-0.8308727422106831,-0.9944357082969277,-0.9862649071659377,-1.1859053352917943,-1.177687211234465,-1.7438284611759653,0.0,0.0,0.0,0.0,0.0,0.0,0.0,0.0,1.0,1.0,0.0,0.0,1
1.1073509402257093,-0.6655591426895595,-0.9944357082969277,-0.0701136189928391,-1.1859053352917943,-1.177687211234465,0.32718797001972766,0.0,0.0,1.0,0.0,0.0,0.0,0.0,0.0,0.0,0.0,1.0,0.0,0
-0.9444378624613363,-0.4819729086309905,-0.6657058719069946,-0.0701136189928391,-0.6253648713435828,-0.6164064977950603,-0.4358180835786855,0.0,0.0,0.0,0.0,0.0,0.0,0.0,1.0,0.0,0.0,1.0,0.0,0
-0.4314906617895749,-0.5537736137545994,-1.1588006264918942,-0.9862649071659377,-1.1859053352917943,-1.177687211234465,0.5451896996192743,0.0,0.0,1.0,0.0,0.0,0.0,0.0,0.0,0.0,0.0,1.0,0.0,0
0.594403739553948,0.5726805624361516,-0.8300707901019612,0.8460376691802596,-0.6253648713435828,-0.8970468545147626,1.4171966180174609,0.0,0.0,0.0,0.0,0.0,0.0,0.0,1.0,0.0,0.0,0.0,1.0,0
0.7226405397218884,0.6130953305895602,-0.5013409537120281,0.8460376691802596,-0.6253648713435828,-0.335766141075358,0.9811931588183676,0.0,0.0,0.0,0.0,0.0,0.0,0.0,0.0,0.0,0.0,0.0,1.0,0
-1.3291482629651574,-1.1898762678287278,-0.9944357082969277,-0.9862649071659377,-1.1859053352917943,-0.8970468545147626,-1.8528293259757387,1.0,0.0,0.0,0.0,0.0,0.0,1.0,0.0,0.0,1.0,0.0,0.0,1
-0.4314906617895749,-0.3641681589072249,-0.33697603551706157,-0.0701136189928391,-0.3450946393694771,-0.8970468545147626,0.8721922940185942,0.0,0.0,0.0,0.0,0.0,0.0,0.0,1.0,0.0,0.0,1.0,0.0,0
-0.9444378624613363,-0.9048231690445797,-0.8300707901019612,-0.9862649071659377,-0.6253648713435828,-1.177687211234465,-0.8718215427777788,1.0,1.0,0.0,0.0,0.0,0.0,0.0,0.0,0.0,1.0,0.0,0.0,1
-0.1750170614536942,-0.32009886384632724,-0.008246199127128446,-0.0701136189928391,0.7759862885269458,0.7867952858034511,-0.5448189483784588,0.0,0.0,0.0,0.0,0.0,0.0,1.0,0.0,0.0,0.0,0.0,0.0,0
0.4661669393860076,-0.39275945765405124,0.6492134736527377,-0.0701136189928391,1.3365267524751574,1.3480759992428557,-0.2178163539791389,0.0,0.0,0.0,0.0,0.0,0.0,0.0,1.0,0.0,0.0,1.0,0.0,0
-0.1750170614536942,-0.5277619810601184,0.4848485554577712,-0.0701136189928391,-0.6253648713435828,-0.6164064977950603,0.5451896996192743,0.0,0.0,0.0,0.0,0.0,0.0,0.0,0.0,0.0,0.0,1.0,0.0,0
0.7226405397218884,0.7532571861003179,-0.9944357082969277,0.8460376691802596,-1.1859053352917943,-1.177687211234465,0.0001853756204077356,0.0,0.0,0.0,0.0,1.0,0.0,0.0,0.0,0.0,0.0,0.0,1.0,1
0.4661669393860076,-0.45058697166079015,-0.008246199127128446,-0.0701136189928391,-0.06482440739537135,0.7867952858034511,0.32718797001972766,0.0,0.0,0.0,0.0,0.0,0.0,0.0,0.0,0.0,0.0,1.0,0.0,0
-0.816201062293396,-0.8506501819453298,-0.5013409537120281,-0.9862649071659377,-0.6253648713435828,-1.177687211234465,2.071201806816101,0.0,0.0,1.0,0.0,0.0,0.0,0.0,0.0,0.0,1.0,0.0,0.0,1
-0.1750170614536942,0.6455561284149044,0.4848485554577712,-0.0701136189928391,1.3365267524751574,1.3480759992428557,-0.3268172187789122,0.0,0.0,0.0,0.0,1.0,0.0,0.0,0.0,0.0,0.0,0.0,1.0,0
0.2096933390501269,-0.4811130199468754,0.9779433100426709,-0.0701136189928391,1.6167969844492631,2.189997069401963,-0.6538198131782321,0.0,0.0,0.0,0.0,1.0,0.0,0.0,0.0,0.0,0.0,1.0,0.0,0
1.2355877403936497,2.720037578842528,2.2928626556024034,2.678340245526457,1.0562565205010517,0.5061549290837488,0.21818710521995435,1.0,0.0,0.0,1.0,0.0,0.0,0.0,0.0,0.0,0.0,0.0,1.0,0
-1.3291482629651574,-0.7678858960992536,-0.9944357082969277,-0.9862649071659377,-1.1859053352917943,-1.177687211234465,-0.3268172187789122,0.0,0.0,0.0,0.0,0.0,0.0,1.0,0.0,0.0,0.0,1.0,0.0,0
-0.30325386162163454,1.0473391160676742,0.1561187190678381,0.8460376691802596,0.7759862885269458,0.7867952858034511,-0.7628206779780055,1.0,0.0,0.0,0.0,0.0,1.0,0.0,0.0,0.0,0.0,0.0,1.0,0
1.6202981408974708,1.4409531612213509,-0.33697603551706157,1.7621889573533582,-0.3450946393694771,-0.6164064977950603,1.6351983476170073,1.0,0.0,0.0,0.0,1.0,0.0,0.0,0.0,0.0,0.0,0.0,1.0,0
-0.1750170614536942,0.6212642730886535,0.4848485554577712,0.8460376691802596,0.7759862885269458,1.0674356425231535,0.0001853756204077356,0.0,0.0,0.0,0.0,1.0,0.0,0.0,0.0,0.0,0.0,0.0,1.0,0
-0.30325386162163454,-0.2943022033228749,-0.33697603551706157,-0.0701136189928391,-0.3450946393694771,-0.335766141075358,-0.5448189483784588,0.0,0.0,0.0,0.0,0.0,0.0,1.0,0.0,0.0,0.0,0.0,0.0,0
-0.6879642621254556,-0.22336138688338103,-0.172611117322095,-0.0701136189928391,-0.6253648713435828,-0.05512578435565574,-0.4358180835786855,0.0,0.0,0.0,0.0,0.0,0.0,0.0,1.0,0.0,0.0,0.0,0.0,0
-1.4573850631330978,-0.9974761747579792,-1.1588006264918942,-0.9862649071659377,-1.1859053352917943,-1.177687211234465,-2.0708310555752854,0.0,0.0,1.0,0.0,0.0,0.0,0.0,0.0,0.0,1.0,0.0,0.0,1
0.2096933390501269,-0.8248535214218775,0.32048363726280465,-0.9862649071659377,0.7759862885269458,0.7867952858034511,-0.4358180835786855,0.0,0.0,1.0,0.0,0.0,0.0,0.0,0.0,0.0,1.0,0.0,0.0,1
-1.3291482629651574,-0.9751190689709872,-0.9944357082969277,-0.9862649071659377,-0.9056351033176886,-1.177687211234465,-0.4358180835786855,0.0,0.0,1.0,0.0,0.0,0.0,0.0,0.0,0.0,1.0,0.0,0.0,0
-0.1750170614536942,-0.5982728531575546,-0.33697603551706157,-0.9862649071659377,-0.06482440739537135,-0.335766141075358,-0.7628206779780055,0.0,0.0,0.0,0.0,0.0,0.0,1.0,0.0,0.0,0.0,1.0,0.0,0
-0.1750170614536942,0.22614542273777555,0.4848485554577712,0.8460376691802596,1.3365267524751574,-1.177687211234465,-0.10881548917936558,0.0,0.0,0.0,0.0,0.0,0.0,0.0,1.0,0.0,0.0,0.0,0.0,0
-0.1750170614536942,-0.04751415098184776,0.4848485554577712,-0.0701136189928391,1.3365267524751574,-0.05512578435565574,0.32718797001972766,0.0,0.0,1.0,0.0,0.0,0.0,0.0,0.0,0.0,0.0,0.0,0.0,0
-0.6879642621254556,-0.9716795142345269,-0.8300707901019612,-0.9862649071659377,-0.6253648713435828,-0.6164064977950603,-1.0898232723773253,0.0,0.0,0.0,0.0,0.0,0.0,1.0,0.0,0.0,1.0,0.0,0.0,0
1.7485349410654112,2.519683515443715,-0.9944357082969277,2.678340245526457,-1.1859053352917943,-1.177687211234465,1.1991948884179142,0.0,0.0,0.0,0.0,0.0,1.0,0.0,0.0,0.0,0.0,0.0,1.0,0
-0.816201062293396,-0.5062647639572414,-0.33697603551706157,-0.0701136189928391,-0.6253648713435828,-0.335766141075358,0.0001853756204077356,0.0,0.0,0.0,0.0,0.0,0.0,0.0,1.0,0.0,0.0,1.0,0.0,0
-0.816201062293396,-0.6135358773005973,-0.6657058719069946,-0.9862649071659377,-0.6253648713435828,-0.6164064977950603,1.4171966180174609,0.0,0.0,1.0,0.0,0.0,0.0,0.0,0.0,0.0,0.0,1.0,0.0,0
-1.0726746626292767,-0.8351721856312584,-0.6657058719069946,-0.9862649071659377,-0.6253648713435828,-0.6164064977950603,-1.1988241371770987,1.0,0.0,1.0,0.0,0.0,0.0,0.0,0.0,0.0,1.0,0.0,0.0,0
-0.4314906617895749,-0.8530148758266463,-0.33697603551706157,-0.9862649071659377,-0.6253648713435828,-0.6164064977950603,0.5451896996192743,0.0,0.0,1.0,0.0,0.0,0.0,0.0,0.0,0.0,1.0,0.0,0.0,0
-0.4314906617895749,-0.23045546852733043,0.1561187190678381,-0.0701136189928391,0.7759862885269458,-0.335766141075358,-1.1988241371770987,0.0,0.0,0.0,0.0,1.0,0.0,0.0,0.0,0.0,0.0,0.0,0.0,0
-1.200911462797217,-0.7857285862946415,-0.8300707901019612,-0.9862649071659377,-0.6253648713435828,-0.8970468545147626,-1.307825001976872,0.0,0.0,0.0,0.0,0.0,0.0,1.0,0.0,0.0,1.0,0.0,0.0,0
0.8508773398898287,0.054167685914760115,-0.5013409537120281,-0.0701136189928391,-0.3450946393694771,-0.335766141075358,1.4171966180174609,1.0,0.0,0.0,0.0,0.0,0.0,0.0,1.0,0.0,0.0,0.0,0.0,1
-1.0726746626292767,-0.6292288457856975,-0.9944357082969277,-0.9862649071659377,-0.9056351033176886,-1.177687211234465,0.32718797001972766,1.0,0.0,0.0,0.0,0.0,0.0,1.0,0.0,0.0,0.0,1.0,0.0,0
1.2355877403936497,2.126714386803125,2.2928626556024034,1.7621889573533582,0.7759862885269458,0.7867952858034511,0.32718797001972766,1.0,0.0,0.0,1.0,0.0,0.0,0.0,0.0,0.0,0.0,0.0,1.0,0
1.4920613407295304,0.20206853958255339,0.9779433100426709,0.8460376691802596,2.1773374483974743,1.0674356425231535,1.5261974828172342,0.0,0.0,0.0,0.0,0.0,0.0,0.0,0.0,0.0,0.0,0.0,0.0,0
-0.1750170614536942,-0.9304048573970032,-0.008246199127128446,-0.9862649071659377,0.7759862885269458,0.7867952858034511,-0.9808224075775521,1.0,0.0,0.0,0.0,0.0,0.0,1.0,0.0,0.0,1.0,0.0,0.0,1
-0.816201062293396,-0.47659860435527124,-1.1588006264918942,-0.0701136189928391,-1.1859053352917943,-1.177687211234465,0.32718797001972766,0.0,0.0,0.0,0.0,0.0,0.0,0.0,1.0,0.0,0.0,1.0,0.0,0
0.9791141400577691,-0.4146866190989857,1.4710380646275707,-0.0701136189928391,2.45760768037158,0.7867952858034511,0.9811931588183676,1.0,0.0,0.0,0.0,0.0,0.0,1.0,0.0,0.0,0.0,1.0,0.0,0
-0.30325386162163454,-0.4047978992316623,0.32048363726280465,-0.0701136189928391,1.0562565205010517,1.0674356425231535,0.32718797001972766,0.0,0.0,0.0,0.0,0.0,0.0,1.0,0.0,0.0,0.0,1.0,0.0,0
-0.6879642621254556,0.08705842808216181,-0.33697603551706157,-0.0701136189928391,-1.1859053352917943,-0.05512578435565574,-0.4358180835786855,0.0,0.0,0.0,0.0,0.0,0.0,0.0,0.0,0.0,0.0,0.0,0.0,0
2.517955742073053,1.9095924940640678,2.9503223283822697,1.7621889573533582,1.0562565205010517,0.7867952858034511,1.7441992124167807,0.0,0.0,0.0,1.0,0.0,0.0,0.0,0.0,0.0,0.0,0.0,1.0,0
-1.3291482629651574,-0.8745120929295233,-0.9944357082969277,-0.9862649071659377,-1.1859053352917943,-1.177687211234465,-0.7628206779780055,0.0,0.0,0.0,0.0,0.0,0.0,0.0,0.0,1.0,1.0,0.0,0.0,0
-0.30325386162163454,-0.23024049635630164,0.1561187190678381,-0.0701136189928391,-0.06482440739537135,-0.8970468545147626,0.32718797001972766,0.0,0.0,0.0,0.0,0.0,0.0,0.0,1.0,0.0,0.0,0.0,0.0,0
1.1073509402257093,0.9445824183159225,1.9641328192124703,0.8460376691802596,0.4957160565528401,1.0674356425231535,0.21818710521995435,0.0,0.0,0.0,0.0,0.0,0.0,0.0,0.0,0.0,0.0,0.0,1.0,0
-0.4314906617895749,-0.7904579740572745,-0.008246199127128446,-0.9862649071659377,0.7759862885269458,0.5061549290837488,-1.1988241371770987,0.0,0.0,1.0,0.0,0.0,0.0,0.0,0.0,0.0,1.0,0.0,0.0,0
-0.6879642621254556,-0.716292575052349,-0.8300707901019612,-0.9862649071659377,-0.6253648713435828,-0.6164064977950603,1.6351983476170073,0.0,0.0,1.0,0.0,0.0,0.0,0.0,0.0,0.0,0.0,1.0,0.0,0
0.2096933390501269,0.9645748302215981,0.6492134736527377,0.8460376691802596,0.7759862885269458,1.0674356425231535,-0.6538198131782321,0.0,0.0,0.0,0.0,0.0,1.0,0.0,0.0,0.0,0.0,0.0,1.0,0
0.7226405397218884,-0.2809739287190912,-0.008246199127128446,-0.0701136189928391,0.7759862885269458,0.7867952858034511,-0.10881548917936558,0.0,0.0,0.0,0.0,0.0,0.0,0.0,0.0,0.0,0.0,0.0,0.0,0
-0.9444378624613363,-0.8457058220116681,-0.5013409537120281,-0.9862649071659377,-0.6253648713435828,-0.335766141075358,0.10918624042018105,0.0,0.0,0.0,0.0,0.0,0.0,1.0,0.0,0.0,1.0,0.0,0.0,0
1.2355877403936497,2.4328347583480925,2.1284977374074368,1.7621889573533582,1.0562565205010517,1.6287163559625581,0.5451896996192743,1.0,0.0,0.0,1.0,0.0,0.0,0.0,0.0,0.0,0.0,0.0,1.0,0
-0.5597274619575152,-0.7954023339909361,-0.008246199127128446,-0.9862649071659377,0.4957160565528401,-1.177687211234465,0.10918624042018105,0.0,1.0,0.0,0.0,0.0,0.0,0.0,0.0,0.0,1.0,0.0,0.0,0
0.2096933390501269,-0.2880680103630406,-0.33697603551706157,-0.0701136189928391,-0.06482440739537135,-0.05512578435565574,0.21818710521995435,0.0,1.0,0.0,0.0,0.0,0.0,0.0,0.0,0.0,0.0,0.0,0.0,0
-1.3291482629651574,-0.8753719816136383,-0.9944357082969277,-0.9862649071659377,-1.1859053352917943,-1.177687211234465,-1.634827596376192,1.0,0.0,0.0,0.0,0.0,0.0,1.0,0.0,0.0,1.0,0.0,0.0,1
-1.3291482629651574,-1.0725014624470197,-0.9944357082969277,-0.9862649071659377,-1.1859053352917943,-1.177687211234465,-1.4168258667766453,0.0,1.0,0.0,0.0,0.0,0.0,0.0,0.0,0.0,1.0,0.0,0.0,1
1.8767717412333516,2.194430620677187,3.114687246577236,1.7621889573533582,2.737877912345686,-1.177687211234465,1.0901940236181409,1.0,0.0,0.0,1.0,0.0,0.0,0.0,0.0,0.0,0.0,0.0,1.0,0
-0.4314906617895749,-0.8566694027341354,0.1561187190678381,-0.9862649071659377,0.7759862885269458,-0.8970468545147626,0.7631914292188209,1.0,0.0,0.0,0.0,0.0,0.0,1.0,0.0,0.0,1.0,0.0,0.0,0
0.2096933390501269,0.9245900064102469,0.1561187190678381,0.8460376691802596,0.7759862885269458,0.7867952858034511,0.9811931588183676,0.0,0.0,0.0,0.0,1.0,0.0,0.0,0.0,0.0,0.0,0.0,1.0,0
-0.04678026128575383,0.7321899133394985,-0.6657058719069946,0.8460376691802596,-0.6253648713435828,-0.6164064977950603,-0.3268172187789122,1.0,1.0,0.0,0.0,0.0,0.0,0.0,0.0,0.0,0.0,0.0,1.0,1
1.36382454056159,1.4295596361568261,-0.9944357082969277,1.7621889573533582,-1.1859053352917943,-1.177687211234465,0.32718797001972766,1.0,0.0,0.0,0.0,0.0,0.0,0.0,1.0,0.0,0.0,0.0,1.0,1
-0.30325386162163454,0.5817093936193599,-0.5013409537120281,0.8460376691802596,-0.6253648713435828,-0.335766141075358,-0.7628206779780055,0.0,0.0,0.0,0.0,0.0,0.0,0.0,1.0,0.0,0.0,0.0,1.0,0
2.2614821417371727,0.18465579372922308,3.114687246577236,0.8460376691802596,1.3365267524751574,0.7867952858034511,1.3081957532176876,0.0,0.0,1.0,0.0,0.0,0.0,0.0,0.0,0.0,0.0,0.0,0.0,0
3.159139742912755,2.8036617533727193,4.758336428526902,2.678340245526457,0.4957160565528401,2.470637426121665,1.9622009420163273,0.0,0.0,0.0,1.0,0.0,0.0,0.0,0.0,0.0,0.0,0.0,1.0,0
-0.30325386162163454,0.03267046881188319,-0.172611117322095,-0.0701136189928391,-0.3450946393694771,-0.8970468545147626,-0.7628206779780055,0.0,0.0,0.0,0.0,0.0,0.0,0.0,1.0,0.0,0.0,0.0,0.0,1
1.1073509402257093,-0.20186416978050412,2.1284977374074368,-0.0701136189928391,0.7759862885269458,2.470637426121665,0.32718797001972766,0.0,0.0,0.0,0.0,0.0,0.0,1.0,0.0,0.0,0.0,0.0,0.0,0
-1.3291482629651574,-0.855164597536934,-0.9944357082969277,-0.9862649071659377,-0.9056351033176886,-0.8970468545147626,-1.0898232723773253,1.0,0.0,0.0,0.0,0.0,0.0,1.0,0.0,0.0,1.0,0.0,0.0,0
-0.1750170614536942,-0.069656284597811,0.4848485554577712,-0.0701136189928391,-0.06482440739537135,1.3480759992428557,-0.5448189483784588,0.0,0.0,0.0,0.0,0.0,0.0,1.0,0.0,0.0,0.0,0.0,0.0,0
3.0309029427448144,0.9437225296318075,-0.33697603551706157,0.8460376691802596,-0.6253648713435828,-0.05512578435565574,1.7441992124167807,1.0,0.0,0.0,0.0,0.0,0.0,0.0,1.0,0.0,0.0,0.0,1.0,0
-0.6879642621254556,-0.9282551356867156,-0.33697603551706157,-0.9862649071659377,-0.3450946393694771,-0.6164064977950603,-1.0898232723773253,0.0,0.0,0.0,0.0,0.0,0.0,1.0,0.0,0.0,1.0,0.0,0.0,0
-0.1750170614536942,0.008163641314603488,-0.172611117322095,-0.0701136189928391,0.2154458245787344,0.22551457236404657,-0.6538198131782321,1.0,0.0,0.0,0.0,0.0,0.0,0.0,1.0,0.0,0.0,0.0,0.0,0
-0.1750170614536942,0.11822939288133337,-0.008246199127128446,0.8460376691802596,0.7759862885269458,0.7867952858034511,-0.10881548917936558,0.0,0.0,0.0,0.0,0.0,0.0,0.0,0.0,0.0,0.0,0.0,0.0,0
-0.5597274619575152,-0.23733457800025104,-0.8300707901019612,-0.0701136189928391,-0.6253648713435828,-0.6164064977950603,-0.2178163539791389,1.0,0.0,0.0,0.0,0.0,0.0,0.0,1.0,0.0,0.0,0.0,0.0,1
-0.30325386162163454,-0.24378374313111412,-0.5013409537120281,-0.0701136189928391,-0.3450946393694771,-0.6164064977950603,0.5451896996192743,1.0,0.0,0.0,0.0,0.0,0.0,1.0,0.0,0.0,0.0,0.0,0.0,0
-0.1750170614536942,0.579774644080101,0.4848485554577712,0.8460376691802596,1.0562565205010517,0.7867952858034511,0.436188834819501,0.0,0.0,0.0,0.0,0.0,0.0,0.0,1.0,0.0,0.0,0.0,1.0,0
-0.816201062293396,-0.4854124633674508,-0.9944357082969277,-0.0701136189928391,-0.9056351033176886,-1.177687211234465,0.8721922940185942,0.0,0.0,0.0,0.0,0.0,0.0,0.0,1.0,0.0,0.0,1.0,0.0,1
-0.1750170614536942,-0.100397305054925,-0.172611117322095,-0.0701136189928391,-0.3450946393694771,-0.6164064977950603,0.10918624042018105,0.0,1.0,0.0,0.0,0.0,0.0,0.0,0.0,0.0,0.0,0.0,0.0,0
-0.1750170614536942,-0.004304744605065131,0.4848485554577712,-0.0701136189928391,1.0562565205010517,-0.335766141075358,-0.5448189483784588,0.0,0.0,0.0,0.0,0.0,0.0,0.0,1.0,0.0,0.0,0.0,0.0,0
-0.816201062293396,-0.6109562112482521,-0.33697603551706157,-0.9862649071659377,-0.06482440739537135,-0.05512578435565574,0.10918624042018105,0.0,0.0,1.0,0.0,0.0,0.0,0.0,0.0,0.0,0.0,1.0,0.0,0
-0.816201062293396,-0.3998535392980006,-0.33697603551706157,-0.0701136189928391,-0.3450946393694771,-0.6164064977950603,-1.1988241371770987,0.0,0.0,0.0,0.0,0.0,0.0,0.0,1.0,0.0,0.0,1.0,0.0,0
-0.4314906617895749,-0.11845496742134162,-0.172611117322095,-0.0701136189928391,-0.06482440739537135,0.22551457236404657,0.436188834819501,1.0,0.0,0.0,0.0,0.0,0.0,0.0,1.0,0.0,0.0,0.0,0.0,1
-0.30325386162163454,-0.045149457100531296,-0.9944357082969277,-0.0701136189928391,-1.1859053352917943,-1.177687211234465,0.0001853756204077356,0.0,0.0,0.0,0.0,0.0,0.0,0.0,1.0,0.0,0.0,0.0,0.0,0
-0.1750170614536942,0.3104145137810531,0.4848485554577712,0.8460376691802596,1.3365267524751574,1.3480759992428557,-0.8718215427777788,0.0,1.0,0.0,0.0,0.0,0.0,0.0,0.0,0.0,0.0,0.0,0.0,0
1.8767717412333516,2.787968784887619,-0.8300707901019612,2.678340245526457,-0.6253648713435828,-0.8970468545147626,0.7631914292188209,1.0,0.0,0.0,1.0,0.0,0.0,0.0,0.0,0.0,0.0,0.0,1.0,0
-0.1750170614536942,0.3476046993690302,-0.9944357082969277,0.8460376691802596,-1.1859053352917943,-1.177687211234465,-0.6538198131782321,0.0,0.0,0.0,0.0,0.0,0.0,0.0,1.0,0.0,0.0,0.0,0.0,1
1.4920613407295304,-0.2500179360909484,-0.9944357082969277,0.8460376691802596,-1.1859053352917943,-1.177687211234465,1.1991948884179142,1.0,0.0,1.0,0.0,0.0,0.0,0.0,0.0,0.0,0.0,0.0,0.0,1
-0.1750170614536942,-0.2467933535255169,0.4848485554577712,-0.0701136189928391,0.7759862885269458,1.0674356425231535,-0.5448189483784588,0.0,0.0,0.0,0.0,0.0,0.0,0.0,1.0,0.0,0.0,0.0,0.0,0
0.2096933390501269,-0.051168677889336836,0.9779433100426709,-0.0701136189928391,2.1773374483974743,1.3480759992428557,2.071201806816101,0.0,0.0,0.0,0.0,0.0,0.0,0.0,0.0,0.0,0.0,0.0,0.0,0
0.7226405397218884,0.7971115089901868,-0.008246199127128446,0.8460376691802596,0.7759862885269458,0.7867952858034511,-0.10881548917936558,1.0,0.0,0.0,0.0,1.0,0.0,0.0,0.0,0.0,0.0,0.0,1.0,0
-1.3291482629651574,-1.007149922454274,-0.9944357082969277,-0.9862649071659377,-0.9056351033176886,-1.177687211234465,-1.9618301907755118,1.0,0.0,0.0,0.0,0.0,0.0,1.0,0.0,0.0,1.0,0.0,0.0,1
-0.816201062293396,-0.46069066369914236,-0.33697603551706157,-0.9862649071659377,-0.3450946393694771,-0.05512578435565574,-1.4168258667766453,0.0,0.0,0.0,0.0,0.0,0.0,1.0,0.0,0.0,0.0,1.0,0.0,0
-0.1750170614536942,0.22421067319851662,0.4848485554577712,0.8460376691802596,0.7759862885269458,1.3480759992428557,-0.10881548917936558,0.0,0.0,0.0,0.0,0.0,0.0,0.0,1.0,0.0,0.0,0.0,0.0,0
-0.6879642621254556,-0.06707661854546576,-0.6657058719069946,-0.0701136189928391,-0.6253648713435828,-0.6164064977950603,-1.307825001976872,0.0,0.0,0.0,0.0,0.0,0.0,0.0,1.0,0.0,0.0,0.0,0.0,0
-1.3291482629651574,-0.8040012208320869,-0.9944357082969277,-0.9862649071659377,-1.1859053352917943,-1.177687211234465,-0.8718215427777788,0.0,1.0,0.0,0.0,0.0,0.0,0.0,0.0,0.0,1.0,0.0,0.0,0
-0.816201062293396,-0.7536977328113549,-0.9944357082969277,-0.9862649071659377,-1.1859053352917943,-1.177687211234465,-0.10881548917936558,0.0,0.0,1.0,0.0,0.0,0.0,0.0,0.0,0.0,0.0,1.0,0.0,0
-1.200911462797217,-0.9129921115436729,-0.8300707901019612,-0.9862649071659377,-0.6253648713435828,-0.6164064977950603,-0.8718215427777788,0.0,0.0,0.0,0.0,0.0,0.0,0.0,0.0,1.0,1.0,0.0,0.0,0
-0.9444378624613363,-0.3321373054239383,-0.6657058719069946,-0.0701136189928391,-0.6253648713435828,-0.6164064977950603,-1.4168258667766453,0.0,0.0,0.0,0.0,0.0,0.0,0.0,1.0,0.0,0.0,0.0,0.0,0
-0.6879642621254556,-0.7969071391881375,-0.172611117322095,-0.9862649071659377,-0.6253648713435828,-0.8970468545147626,-0.5448189483784588,0.0,0.0,1.0,0.0,0.0,0.0,0.0,0.0,0.0,1.0,0.0,0.0,0
1.2355877403936497,2.77034106686326,-0.172611117322095,2.678340245526457,-1.1859053352917943,-0.335766141075358,0.21818710521995435,0.0,0.0,0.0,1.0,0.0,0.0,0.0,0.0,0.0,0.0,0.0,1.0,0
1.2355877403936497,0.11564972682898814,-0.8300707901019612,0.8460376691802596,-1.1859053352917943,-0.6164064977950603,0.436188834819501,1.0,0.0,0.0,0.0,0.0,0.0,0.0,1.0,0.0,0.0,0.0,0.0,0
1.7485349410654112,2.695100807003191,-0.5013409537120281,2.678340245526457,-0.6253648713435828,-0.335766141075358,0.9811931588183676,0.0,0.0,0.0,0.0,0.0,1.0,0.0,0.0,0.0,0.0,0.0,1.0,0
-0.5597274619575152,-0.9512571579867939,-0.008246199127128446,-0.9862649071659377,0.7759862885269458,0.7867952858034511,-0.8718215427777788,1.0,0.0,1.0,0.0,0.0,0.0,0.0,0.0,0.0,1.0,0.0,0.0,1
0.08145653888218654,0.7051034197898736,-0.9944357082969277,0.8460376691802596,-1.1859053352917943,-1.177687211234465,-0.6538198131782321,0.0,0.0,0.0,0.0,0.0,0.0,0.0,0.0,0.0,0.0,0.0,1.0,1
-0.04678026128575383,-0.4198459512036762,-0.33697603551706157,-0.0701136189928391,-0.06482440739537135,-0.6164064977950603,1.0901940236181409,1.0,0.0,0.0,0.0,0.0,0.0,0.0,1.0,0.0,0.0,1.0,0.0,0
-0.816201062293396,-0.46477513494868894,-0.8300707901019612,-0.9862649071659377,-0.6253648713435828,-0.8970468545147626,-0.9808224075775521,0.0,0.0,0.0,0.0,0.0,0.0,1.0,0.0,0.0,0.0,1.0,0.0,1
0.7226405397218884,-0.9678100151560091,-0.6657058719069946,-0.0701136189928391,-0.6253648713435828,-0.6164064977950603,0.7631914292188209,0.0,0.0,1.0,0.0,0.0,0.0,0.0,0.0,0.0,1.0,0.0,0.0,0
-0.4314906617895749,-0.8899900892435946,-0.8300707901019612,-0.9862649071659377,-0.6253648713435828,-0.6164064977950603,0.21818710521995435,1.0,0.0,1.0,0.0,0.0,0.0,0.0,0.0,0.0,1.0,0.0,0.0,1
0.08145653888218654,0.414890988901035,0.6492134736527377,0.8460376691802596,1.0562565205010517,1.0674356425231535,-0.7628206779780055,0.0,0.0,0.0,0.0,1.0,0.0,0.0,0.0,0.0,0.0,0.0,1.0,0
-0.5597274619575152,-0.919441276674536,-0.8300707901019612,-0.9862649071659377,-0.6253648713435828,-0.6164064977950603,2.3982044012154207,0.0,1.0,0.0,0.0,0.0,0.0,0.0,0.0,0.0,1.0,0.0,0.0,0
-0.9444378624613363,-0.9323396069362622,-0.5013409537120281,-0.9862649071659377,-0.6253648713435828,-0.6164064977950603,-0.9808224075775521,0.0,0.0,1.0,0.0,0.0,0.0,0.0,0.0,0.0,1.0,0.0,0.0,0
-0.30325386162163454,0.051158075520357345,-0.33697603551706157,-0.0701136189928391,-0.06482440739537135,-0.335766141075358,0.21818710521995435,0.0,0.0,1.0,0.0,0.0,0.0,0.0,0.0,0.0,0.0,0.0,0.0,0
-0.9444378624613363,-0.573766025660275,-0.8300707901019612,-0.9862649071659377,-0.6253648713435828,-0.6164064977950603,1.4171966180174609,0.0,0.0,0.0,0.0,0.0,0.0,0.0,0.0,1.0,0.0,1.0,0.0,0
1.4920613407295304,1.456646129706451,0.8135783918477043,1.7621889573533582,1.8970672164233688,1.9093567126822604,0.7631914292188209,1.0,0.0,0.0,0.0,0.0,0.0,0.0,1.0,0.0,0.0,0.0,1.0,0
0.33793013921806725,-0.437688641399064,0.9779433100426709,-0.0701136189928391,0.7759862885269458,1.0674356425231535,-0.4358180835786855,0.0,0.0,0.0,0.0,0.0,0.0,1.0,0.0,0.0,0.0,1.0,0.0,1
1.2355877403936497,2.876752291522501,-0.33697603551706157,2.678340245526457,-0.06482440739537135,-0.05512578435565574,1.4171966180174609,0.0,0.0,0.0,1.0,0.0,0.0,0.0,0.0,0.0,0.0,0.0,1.0,0
-1.3291482629651574,-0.9069728907548674,-1.1588006264918942,-0.9862649071659377,-1.1859053352917943,-1.177687211234465,-1.9618301907755118,0.0,0.0,0.0,0.0,0.0,0.0,0.0,0.0,1.0,1.0,0.0,0.0,1
-0.1750170614536942,0.18530071024230937,0.4848485554577712,0.8460376691802596,1.3365267524751574,1.0674356425231535,0.5451896996192743,1.0,0.0,0.0,0.0,1.0,0.0,0.0,0.0,0.0,0.0,0.0,0.0,0
-0.1750170614536942,0.7266006368927505,0.32048363726280465,-0.0701136189928391,1.0562565205010517,0.7867952858034511,0.10918624042018105,0.0,0.0,0.0,0.0,0.0,0.0,0.0,1.0,0.0,0.0,0.0,1.0,0
2.6461925422409935,2.788828673571734,-0.008246199127128446,2.678340245526457,-1.1859053352917943,0.5061549290837488,1.4171966180174609,0.0,0.0,0.0,1.0,0.0,0.0,0.0,0.0,0.0,0.0,0.0,1.0,0
-0.816201062293396,-0.8693527608248327,-0.5013409537120281,-0.9862649071659377,-0.3450946393694771,-0.6164064977950603,-1.5258267315764187,0.0,0.0,1.0,0.0,0.0,0.0,0.0,0.0,0.0,1.0,0.0,0.0,0
-0.6879642621254556,-0.21132294530576995,-0.172611117322095,-0.0701136189928391,-1.1859053352917943,-0.6164064977950603,-0.8718215427777788,0.0,0.0,0.0,0.0,0.0,0.0,0.0,1.0,0.0,0.0,0.0,0.0,0
-1.0726746626292767,-0.7474635398515206,-0.8300707901019612,-0.9862649071659377,-0.6253648713435828,-0.6164064977950603,-0.6538198131782321,0.0,0.0,0.0,0.0,0.0,0.0,0.0,0.0,1.0,0.0,1.0,0.0,0
-0.5597274619575152,-0.8702126495089478,-0.9944357082969277,-0.9862649071659377,-0.9056351033176886,-1.177687211234465,-0.4358180835786855,0.0,0.0,1.0,0.0,0.0,0.0,0.0,0.0,0.0,1.0,0.0,0.0,0
-0.04678026128575383,-0.5873092724350875,0.6492134736527377,-0.9862649071659377,1.0562565205010517,1.6287163559625581,-0.8718215427777788,0.0,0.0,1.0,0.0,0.0,0.0,0.0,0.0,0.0,0.0,1.0,0.0,0
-0.4314906617895749,-0.145111516628909,-0.33697603551706157,-0.0701136189928391,-0.6253648713435828,-0.05512578435565574,-0.8718215427777788,0.0,0.0,0.0,0.0,0.0,0.0,0.0,1.0,0.0,0.0,0.0,0.0,0
-0.30325386162163454,-0.6646992540054444,-0.172611117322095,-0.9862649071659377,0.2154458245787344,-0.335766141075358,0.8721922940185942,0.0,0.0,0.0,0.0,0.0,0.0,1.0,0.0,0.0,0.0,1.0,0.0,0
1.7485349410654112,2.721112439697672,2.785957410187303,2.678340245526457,-1.1859053352917943,0.7867952858034511,0.8721922940185942,0.0,0.0,0.0,1.0,0.0,0.0,0.0,0.0,0.0,0.0,0.0,1.0,0
-0.30325386162163454,-0.2111079731347412,-0.6657058719069946,-0.0701136189928391,-0.6253648713435828,-0.6164064977950603,-0.10881548917936558,1.0,0.0,1.0,0.0,0.0,0.0,0.0,0.0,0.0,0.0,0.0,0.0,0
-0.5597274619575152,-0.11845496742134162,-0.008246199127128446,-0.0701136189928391,0.2154458245787344,0.7867952858034511,0.0001853756204077356,0.0,0.0,0.0,0.0,1.0,0.0,0.0,0.0,0.0,0.0,0.0,0.0,0
-1.3291482629651574,-1.1073269541536803,-0.9944357082969277,-0.9862649071659377,-1.1859053352917943,-1.177687211234465,-0.5448189483784588,0.0,0.0,1.0,0.0,0.0,0.0,0.0,0.0,0.0,1.0,0.0,0.0,1
-0.9444378624613363,-0.7248914618934997,-1.1588006264918942,-0.9862649071659377,-1.1859053352917943,-1.177687211234465,-1.4168258667766453,1.0,0.0,1.0,0.0,0.0,0.0,0.0,0.0,0.0,0.0,1.0,0.0,1
-0.816201062293396,-0.6952253022915297,-0.33697603551706157,-0.9862649071659377,-0.3450946393694771,-0.6164064977950603,-0.9808224075775521,0.0,0.0,0.0,0.0,0.0,0.0,1.0,0.0,0.0,0.0,1.0,0.0,0
-0.816201062293396,-0.9108423898333852,-0.33697603551706157,-0.9862649071659377,-0.6253648713435828,-1.177687211234465,-0.3268172187789122,1.0,0.0,0.0,0.0,0.0,0.0,1.0,0.0,0.0,1.0,0.0,0.0,1
-0.816201062293396,-0.8798863972052424,-0.9944357082969277,-0.9862649071659377,-1.1859053352917943,-1.177687211234465,-0.8718215427777788,0.0,0.0,0.0,0.0,0.0,0.0,1.0,0.0,0.0,1.0,0.0,0.0,0
-0.6879642621254556,-0.9387887720671252,-0.172611117322095,-0.9862649071659377,-0.3450946393694771,-0.05512578435565574,0.8721922940185942,0.0,1.0,0.0,0.0,0.0,0.0,0.0,0.0,0.0,1.0,0.0,0.0,0
-0.1750170614536942,-0.39748884541668417,0.1561187190678381,-0.0701136189928391,-0.06482440739537135,0.7867952858034511,-0.7628206779780055,1.0,0.0,0.0,0.0,1.0,0.0,0.0,0.0,0.0,0.0,1.0,0.0,0
-0.6879642621254556,-0.913852000227788,-0.8300707901019612,-0.9862649071659377,-1.1859053352917943,-1.177687211234465,-1.4168258667766453,1.0,0.0,0.0,0.0,0.0,0.0,1.0,0.0,0.0,1.0,0.0,0.0,1
-1.0726746626292767,-0.835602129973316,-0.8300707901019612,-0.9862649071659377,-0.6253648713435828,-0.6164064977950603,-0.6538198131782321,1.0,0.0,0.0,0.0,0.0,0.0,1.0,0.0,0.0,1.0,0.0,0.0,0
0.594403739553948,-0.12984849248586638,-0.172611117322095,-0.0701136189928391,-0.6253648713435828,0.22551457236404657,1.853200077216554,0.0,0.0,0.0,0.0,0.0,0.0,0.0,1.0,0.0,0.0,0.0,0.0,0
-0.5597274619575152,-0.009034132367698056,-0.33697603551706157,-0.0701136189928391,-0.06482440739537135,-0.8970468545147626,0.0001853756204077356,0.0,0.0,0.0,0.0,0.0,0.0,0.0,1.0,0.0,0.0,0.0,0.0,0
-1.3291482629651574,-0.9873724827196271,-0.9944357082969277,-0.9862649071659377,-1.1859053352917943,-1.177687211234465,-0.2178163539791389,0.0,0.0,1.0,0.0,0.0,0.0,0.0,0.0,0.0,1.0,0.0,0.0,0
0.9791141400577691,0.9327589489093402,-0.9944357082969277,0.8460376691802596,-1.1859053352917943,-1.177687211234465,2.507205266015194,0.0,0.0,0.0,0.0,0.0,0.0,0.0,0.0,0.0,0.0,0.0,1.0,0
-0.5597274619575152,-0.8175444676068994,-0.008246199127128446,-0.9862649071659377,0.7759862885269458,0.7867952858034511,-0.10881548917936558,0.0,0.0,1.0,0.0,0.0,0.0,0.0,0.0,0.0,1.0,0.0,0.0,0
1.2355877403936497,1.1795470012503673,2.1284977374074368,1.7621889573533582,1.3365267524751574,0.5061549290837488,0.21818710521995435,0.0,0.0,0.0,0.0,0.0,0.0,0.0,1.0,0.0,0.0,0.0,1.0,0
-0.1750170614536942,-0.5054048752731264,0.32048363726280465,-0.0701136189928391,0.2154458245787344,1.0674356425231535,-0.8718215427777788,1.0,0.0,1.0,0.0,0.0,0.0,0.0,0.0,0.0,0.0,1.0,0.0,0
-0.816201062293396,-0.9671650986429228,-0.5013409537120281,-0.9862649071659377,-0.6253648713435828,-0.8970468545147626,-1.0898232723773253,0.0,0.0,0.0,0.0,0.0,0.0,1.0,0.0,0.0,1.0,0.0,0.0,0
-0.30325386162163454,0.4720735863946876,0.1561187190678381,0.8460376691802596,0.7759862885269458,0.7867952858034511,0.10918624042018105,1.0,0.0,0.0,0.0,0.0,0.0,0.0,1.0,0.0,0.0,0.0,1.0,0
1.1073509402257093,1.4289147196437397,-0.9944357082969277,0.8460376691802596,-1.1859053352917943,-1.177687211234465,0.5451896996192743,1.0,0.0,0.0,0.0,0.0,1.0,0.0,0.0,0.0,0.0,0.0,1.0,0
0.08145653888218654,-0.832807491749942,-0.9944357082969277,-0.9862649071659377,-1.1859053352917943,-1.177687211234465,2.3982044012154207,1.0,0.0,1.0,0.0,0.0,0.0,0.0,0.0,0.0,1.0,0.0,0.0,0
1.4920613407295304,2.3907002128264536,2.45722757379737,1.7621889573533582,0.4957160565528401,0.7867952858034511,0.5451896996192743,0.0,0.0,0.0,1.0,0.0,0.0,0.0,0.0,0.0,0.0,0.0,1.0,0
-1.3291482629651574,-0.8957943378613714,-0.9944357082969277,-0.9862649071659377,-0.9056351033176886,-1.177687211234465,-1.1988241371770987,0.0,0.0,1.0,0.0,0.0,0.0,0.0,0.0,0.0,1.0,0.0,0.0,1
-0.4314906617895749,-0.11007105275121962,-0.33697603551706157,-0.0701136189928391,-0.06482440739537135,-0.6164064977950603,0.436188834819501,1.0,0.0,0.0,0.0,1.0,0.0,0.0,0.0,0.0,0.0,0.0,0.0,0
-0.6879642621254556,-0.4974509049450619,-0.33697603551706157,-0.9862649071659377,-0.06482440739537135,-0.335766141075358,-0.2178163539791389,0.0,0.0,1.0,0.0,0.0,0.0,0.0,0.0,0.0,0.0,1.0,0.0,0
0.4661669393860076,0.04535382690258057,-0.6657058719069946,-0.0701136189928391,-0.6253648713435828,-0.6164064977950603,2.180202671615874,0.0,0.0,0.0,0.0,0.0,0.0,0.0,0.0,0.0,0.0,0.0,0.0,0
-0.1750170614536942,0.05760724065122042,0.4848485554577712,-0.0701136189928391,1.3365267524751574,1.0674356425231535,-0.6538198131782321,0.0,0.0,0.0,0.0,0.0,0.0,0.0,0.0,0.0,0.0,0.0,0.0,0
2.389718941905113,2.6441524024693726,-0.6657058719069946,2.678340245526457,-0.6253648713435828,-0.6164064977950603,2.3982044012154207,0.0,0.0,0.0,1.0,0.0,0.0,0.0,0.0,0.0,0.0,0.0,1.0,0
-0.1750170614536942,0.420480265347783,0.32048363726280465,0.8460376691802596,0.7759862885269458,0.5061549290837488,-0.3268172187789122,0.0,0.0,0.0,0.0,0.0,0.0,0.0,0.0,0.0,0.0,0.0,1.0,0
0.4661669393860076,-0.8175444676068994,-0.008246199127128446,-0.0701136189928391,-0.6253648713435828,0.7867952858034511,0.32718797001972766,1.0,0.0,1.0,0.0,0.0,0.0,0.0,0.0,0.0,1.0,0.0,0.0,0
-0.5597274619575152,0.26054097010237864,-0.172611117322095,-0.0701136189928391,-0.6253648713435828,-0.05512578435565574,-0.3268172187789122,0.0,0.0,0.0,0.0,0.0,0.0,0.0,0.0,0.0,0.0,0.0,0.0,0
1.2355877403936497,2.767761400810915,1.7997679010175038,2.678340245526457,3.2984183762938972,1.9093567126822604,0.436188834819501,0.0,0.0,0.0,0.0,0.0,1.0,0.0,0.0,0.0,0.0,0.0,1.0,0
-0.30325386162163454,0.6530801544009114,0.1561187190678381,0.8460376691802596,0.7759862885269458,0.7867952858034511,-0.2178163539791389,1.0,0.0,0.0,0.0,0.0,0.0,0.0,1.0,0.0,0.0,0.0,1.0,1
-0.1750170614536942,1.1720229752643605,-0.008246199127128446,0.8460376691802596,0.7759862885269458,-0.6164064977950603,-0.2178163539791389,0.0,0.0,0.0,1.0,0.0,0.0,0.0,0.0,0.0,0.0,0.0,1.0,0
-0.816201062293396,-0.41769622949338847,-0.33697603551706157,-0.0701136189928391,-0.6253648713435828,-1.177687211234465,-0.2178163539791389,0.0,0.0,0.0,0.0,0.0,0.0,0.0,1.0,0.0,0.0,1.0,0.0,0
-0.6879642621254556,-0.5468945042816789,-0.172611117322095,-0.0701136189928391,-0.3450946393694771,0.22551457236404657,-1.307825001976872,0.0,0.0,0.0,0.0,0.0,0.0,0.0,0.0,0.0,0.0,1.0,0.0,0
1.1073509402257093,0.022996721115588568,-0.6657058719069946,-0.0701136189928391,-0.6253648713435828,-0.6164064977950603,1.3081957532176876,0.0,0.0,0.0,0.0,0.0,0.0,0.0,0.0,0.0,0.0,0.0,0.0,0
-0.1750170614536942,-0.1872460621505478,0.4848485554577712,-0.0701136189928391,1.3365267524751574,0.7867952858034511,-0.10881548917936558,1.0,0.0,0.0,0.0,0.0,0.0,0.0,1.0,0.0,0.0,0.0,0.0,0
-1.3291482629651574,-0.9037483081894359,-0.9944357082969277,-0.9862649071659377,-1.1859053352917943,-1.177687211234465,-1.1988241371770987,1.0,0.0,1.0,0.0,0.0,0.0,0.0,0.0,0.0,1.0,0.0,0.0,1
3.4156133432486357,1.5753107681143317,4.922701346721868,1.7621889573533582,1.6167969844492631,1.0674356425231535,2.289203536415647,0.0,0.0,0.0,0.0,0.0,0.0,0.0,1.0,0.0,0.0,0.0,1.0,0
-0.5597274619575152,0.7388540506413903,-0.008246199127128446,-0.0701136189928391,0.7759862885269458,0.7867952858034511,-1.0898232723773253,0.0,0.0,0.0,0.0,0.0,0.0,0.0,1.0,0.0,0.0,0.0,1.0,0
0.8508773398898287,-0.8968691987165153,-0.9944357082969277,-0.0701136189928391,-1.1859053352917943,-1.177687211234465,0.5451896996192743,1.0,0.0,0.0,0.0,0.0,0.0,1.0,0.0,0.0,1.0,0.0,0.0,0
-0.1750170614536942,0.021491915918387183,-1.1588006264918942,-0.0701136189928391,-1.1859053352917943,-1.177687211234465,-0.8718215427777788,0.0,0.0,0.0,0.0,0.0,0.0,0.0,1.0,0.0,0.0,0.0,0.0,0
-0.9444378624613363,-0.4980958214581482,-0.6657058719069946,-0.0701136189928391,-0.6253648713435828,-0.6164064977950603,-1.0898232723773253,0.0,0.0,0.0,0.0,1.0,0.0,0.0,0.0,0.0,0.0,1.0,0.0,0
-0.1750170614536942,-0.21626730523943166,-1.1588006264918942,-0.0701136189928391,-1.1859053352917943,-1.177687211234465,0.5451896996192743,0.0,0.0,0.0,0.0,0.0,0.0,0.0,0.0,0.0,0.0,0.0,0.0,0
-0.9444378624613363,-0.7655212022179372,-0.6657058719069946,-0.9862649071659377,-0.6253648713435828,-0.6164064977950603,-0.7628206779780055,0.0,0.0,0.0,0.0,0.0,0.0,0.0,0.0,1.0,0.0,1.0,0.0,0
-1.3291482629651574,-0.7971221113591662,-0.9944357082969277,-0.9862649071659377,-1.1859053352917943,-1.177687211234465,-1.8528293259757387,0.0,0.0,0.0,0.0,0.0,0.0,1.0,0.0,0.0,1.0,0.0,0.0,0
-0.4314906617895749,-0.7472485676804917,-0.008246199127128446,-0.9862649071659377,0.7759862885269458,0.5061549290837488,-0.5448189483784588,0.0,0.0,1.0,0.0,0.0,0.0,0.0,0.0,0.0,0.0,1.0,0.0,0
-1.200911462797217,-0.8424812394462365,-0.8300707901019612,-0.9862649071659377,-0.6253648713435828,-0.6164064977950603,-1.7438284611759653,0.0,0.0,1.0,0.0,0.0,0.0,0.0,0.0,0.0,1.0,0.0,0.0,1
-0.4314906617895749,-0.3166593091098669,-0.172611117322095,-0.0701136189928391,-0.6253648713435828,-1.177687211234465,-1.0898232723773253,0.0,0.0,0.0,0.0,0.0,0.0,0.0,1.0,0.0,0.0,0.0,0.0,0
-1.4573850631330978,-1.0030654512047272,-1.1588006264918942,-0.9862649071659377,-1.1859053352917943,-1.177687211234465,-2.0708310555752854,1.0,0.0,0.0,0.0,0.0,0.0,0.0,0.0,1.0,1.0,0.0,0.0,1
-1.4573850631330978,-1.1015227055359036,-1.1588006264918942,-0.9862649071659377,-1.1859053352917943,-1.177687211234465,-2.0708310555752854,0.0,0.0,1.0,0.0,0.0,0.0,0.0,0.0,0.0,1.0,0.0,0.0,1
-0.04678026128575383,-0.2869931495078967,0.6492134736527377,-0.0701136189928391,1.0562565205010517,0.7867952858034511,-0.7628206779780055,1.0,0.0,0.0,0.0,0.0,0.0,0.0,1.0,0.0,0.0,0.0,0.0,0
-0.816201062293396,-0.914711888911903,-0.33697603551706157,-0.9862649071659377,-0.3450946393694771,-0.05512578435565574,0.436188834819501,0.0,0.0,1.0,0.0,0.0,0.0,0.0,0.0,0.0,1.0,0.0,0.0,0
-0.816201062293396,-0.7814291428740661,-0.6657058719069946,-0.9862649071659377,-0.6253648713435828,-0.6164064977950603,-0.9808224075775521,0.0,0.0,0.0,0.0,0.0,0.0,0.0,0.0,1.0,1.0,0.0,0.0,1
-0.1750170614536942,-0.3048358397032846,0.4848485554577712,-0.0701136189928391,1.0562565205010517,-1.177687211234465,-0.7628206779780055,1.0,0.0,1.0,0.0,0.0,0.0,0.0,0.0,0.0,0.0,0.0,0.0,0
-1.3291482629651574,-1.1023825942200187,-0.9944357082969277,-0.9862649071659377,-1.1859053352917943,-1.177687211234465,-1.7438284611759653,0.0,0.0,1.0,0.0,0.0,0.0,0.0,0.0,0.0,1.0,0.0,0.0,1
-0.30325386162163454,-0.3676077136436852,-0.9944357082969277,-0.0701136189928391,-1.1859053352917943,-1.177687211234465,-0.10881548917936558,0.0,0.0,1.0,0.0,0.0,0.0,0.0,0.0,0.0,0.0,1.0,0.0,1
-0.30325386162163454,0.5275364065201101,0.32048363726280465,0.8460376691802596,1.0562565205010517,0.7867952858034511,-0.5448189483784588,0.0,0.0,0.0,0.0,0.0,0.0,0.0,1.0,0.0,0.0,0.0,1.0,0
-1.0726746626292767,-0.8297978813555392,-0.8300707901019612,-0.9862649071659377,-0.9056351033176886,-0.6164064977950603,0.10918624042018105,0.0,0.0,0.0,0.0,0.0,0.0,1.0,0.0,0.0,1.0,0.0,0.0,0
0.33793013921806725,0.8336567780650775,1.1423082282376373,0.8460376691802596,1.6167969844492631,0.7867952858034511,-0.5448189483784588,0.0,0.0,0.0,0.0,0.0,0.0,0.0,1.0,0.0,0.0,0.0,1.0,0
-0.6879642621254556,-0.8953643935193139,-0.33697603551706157,-0.9862649071659377,-0.06482440739537135,-0.6164064977950603,-1.0898232723773253,1.0,0.0,1.0,0.0,0.0,0.0,0.0,0.0,0.0,1.0,0.0,0.0,0
-0.5597274619575152,0.3706067216691085,-0.008246199127128446,-0.0701136189928391,0.7759862885269458,0.7867952858034511,-0.8718215427777788,1.0,0.0,0.0,0.0,0.0,0.0,0.0,1.0,0.0,0.0,0.0,0.0,0
-0.6879642621254556,-0.8257134101059925,-0.33697603551706157,-0.9862649071659377,-0.06482440739537135,-0.05512578435565574,-0.8718215427777788,0.0,0.0,0.0,0.0,0.0,0.0,1.0,0.0,0.0,1.0,0.0,0.0,0
0.33793013921806725,1.1064564631005858,0.9779433100426709,0.8460376691802596,1.3365267524751574,0.7867952858034511,-0.4358180835786855,0.0,0.0,0.0,0.0,0.0,1.0,0.0,0.0,0.0,0.0,0.0,1.0,0
2.005008541401292,2.7488438497603833,-0.9944357082969277,2.678340245526457,-1.1859053352917943,-1.177687211234465,1.4171966180174609,1.0,0.0,0.0,1.0,0.0,0.0,0.0,0.0,0.0,0.0,0.0,1.0,0
-0.30325386162163454,-0.08212467051747961,0.32048363726280465,-0.0701136189928391,1.0562565205010517,1.0674356425231535,-0.5448189483784588,1.0,0.0,0.0,0.0,1.0,0.0,0.0,0.0,0.0,0.0,0.0,0.0,0
0.4661669393860076,0.38200024673363325,0.8135783918477043,0.8460376691802596,1.0562565205010517,0.7867952858034511,-0.10881548917936558,1.0,0.0,0.0,0.0,0.0,0.0,0.0,0.0,0.0,0.0,0.0,0.0,0
-0.1750170614536942,-0.25732698990592656,-0.6657058719069946,-0.0701136189928391,-0.6253648713435828,-0.6164064977950603,-0.10881548917936558,0.0,0.0,0.0,0.0,0.0,0.0,0.0,0.0,0.0,0.0,0.0,0.0,0
-0.4314906617895749,-0.20186416978050412,0.1561187190678381,-0.0701136189928391,-1.1859053352917943,0.7867952858034511,0.10918624042018105,1.0,0.0,0.0,0.0,0.0,0.0,0.0,1.0,0.0,0.0,0.0,0.0,0
1.6202981408974708,1.5372606938422395,1.9641328192124703,1.7621889573533582,0.7759862885269458,1.0674356425231535,1.9622009420163273,1.0,0.0,0.0,0.0,0.0,0.0,0.0,1.0,0.0,0.0,0.0,1.0,1
-0.4314906617895749,-0.7180123524205791,-0.6657058719069946,-0.9862649071659377,-0.6253648713435828,-0.6164064977950603,-0.7628206779780055,0.0,0.0,0.0,0.0,0.0,0.0,1.0,0.0,0.0,0.0,1.0,0.0,0
1.36382454056159,2.203029507518338,2.1284977374074368,1.7621889573533582,1.0562565205010517,1.0674356425231535,0.8721922940185942,0.0,0.0,0.0,1.0,0.0,0.0,0.0,0.0,0.0,0.0,0.0,1.0,0
0.8508773398898287,-0.7545576214954699,1.7997679010175038,-0.9862649071659377,0.7759862885269458,3.593198853000474,0.0001853756204077356,0.0,0.0,1.0,0.0,0.0,0.0,0.0,0.0,0.0,0.0,1.0,0.0,0
0.2096933390501269,-0.22830574681704274,-0.5013409537120281,-0.0701136189928391,-0.9056351033176886,-0.6164064977950603,1.5261974828172342,0.0,0.0,0.0,0.0,1.0,0.0,0.0,0.0,0.0,0.0,0.0,0.0,0
-0.4314906617895749,-0.5221727046133704,-0.5013409537120281,-0.0701136189928391,-0.3450946393694771,-0.335766141075358,-0.7628206779780055,0.0,0.0,0.0,0.0,0.0,0.0,0.0,1.0,0.0,0.0,1.0,0.0,0
-0.1750170614536942,0.23538922609201263,0.4848485554577712,0.8460376691802596,-0.06482440739537135,1.3480759992428557,-0.8718215427777788,0.0,0.0,0.0,0.0,0.0,0.0,0.0,1.0,0.0,0.0,0.0,0.0,1
-0.9444378624613363,-0.5301266749414348,-0.6657058719069946,-0.0701136189928391,-0.6253648713435828,-0.6164064977950603,-0.5448189483784588,1.0,0.0,0.0,0.0,0.0,0.0,0.0,1.0,0.0,0.0,1.0,0.0,0
-0.5597274619575152,-0.5679617770424982,-0.8300707901019612,-0.0701136189928391,-0.6253648713435828,-0.6164064977950603,0.21818710521995435,0.0,0.0,0.0,0.0,0.0,0.0,1.0,0.0,0.0,0.0,1.0,0.0,0
-0.4314906617895749,-0.7627265639945632,-0.172611117322095,-0.9862649071659377,-0.06482440739537135,-0.335766141075358,0.0001853756204077356,1.0,0.0,0.0,0.0,0.0,0.0,1.0,0.0,0.0,0.0,1.0,0.0,0
-0.4314906617895749,-0.40114337232417324,-0.172611117322095,-0.9862649071659377,-0.6253648713435828,-0.8970468545147626,-0.10881548917936558,0.0,0.0,0.0,0.0,0.0,0.0,1.0,0.0,0.0,0.0,1.0,0.0,0
0.4661669393860076,1.5129688385159885,1.306673146432604,0.8460376691802596,2.1773374483974743,1.9093567126822604,0.10918624042018105,0.0,0.0,0.0,0.0,0.0,1.0,0.0,0.0,0.0,0.0,0.0,1.0,0
0.4661669393860076,-0.22744585813292764,-0.8300707901019612,-0.0701136189928391,-0.6253648713435828,-0.6164064977950603,1.1991948884179142,0.0,0.0,0.0,0.0,0.0,0.0,0.0,1.0,0.0,0.0,0.0,0.0,0
-0.816201062293396,-0.4686446340272068,-0.8300707901019612,-0.9862649071659377,-0.6253648713435828,-1.177687211234465,-1.1988241371770987,0.0,0.0,1.0,0.0,0.0,0.0,0.0,0.0,0.0,0.0,1.0,0.0,0
-0.4314906617895749,-0.8143198850414678,0.1561187190678381,-0.9862649071659377,0.7759862885269458,0.5061549290837488,-0.4358180835786855,0.0,0.0,0.0,0.0,0.0,0.0,1.0,0.0,0.0,1.0,0.0,0.0,0
0.08145653888218654,0.6223391339437974,-0.33697603551706157,0.8460376691802596,-0.3450946393694771,-0.05512578435565574,2.180202671615874,1.0,0.0,0.0,0.0,0.0,0.0,0.0,0.0,0.0,0.0,0.0,1.0,0
-0.9444378624613363,-0.8822510910865589,-0.5013409537120281,-0.9862649071659377,-0.3450946393694771,-0.335766141075358,0.10918624042018105,0.0,0.0,1.0,0.0,0.0,0.0,0.0,0.0,0.0,1.0,0.0,0.0,0
1.2355877403936497,2.2045343127155395,2.1284977374074368,1.7621889573533582,0.7759862885269458,1.3480759992428557,0.5451896996192743,0.0,0.0,0.0,1.0,0.0,0.0,0.0,0.0,0.0,0.0,0.0,1.0,0
0.594403739553948,0.6782318984112774,0.9779433100426709,0.8460376691802596,1.3365267524751574,2.189997069401963,-0.10881548917936558,0.0,0.0,0.0,0.0,0.0,0.0,0.0,1.0,0.0,0.0,0.0,1.0,0
2.517955742073053,2.859769490011228,3.607782001162136,2.678340245526457,1.6167969844492631,1.6287163559625581,1.5261974828172342,1.0,0.0,0.0,1.0,0.0,0.0,0.0,0.0,0.0,0.0,0.0,1.0,0
1.6202981408974708,-0.286778177336868,2.785957410187303,0.8460376691802596,1.3365267524751574,1.9093567126822604,0.8721922940185942,0.0,0.0,1.0,0.0,0.0,0.0,0.0,0.0,0.0,0.0,0.0,0.0,0
-0.4314906617895749,-0.8029263599769431,-0.8300707901019612,-0.9862649071659377,-0.6253648713435828,-0.6164064977950603,0.32718797001972766,0.0,0.0,0.0,0.0,0.0,0.0,1.0,0.0,0.0,1.0,0.0,0.0,0
-0.5597274619575152,-0.25754196207695534,-0.5013409537120281,-0.0701136189928391,-0.3450946393694771,-0.335766141075358,0.6541905644190477,0.0,0.0,0.0,0.0,0.0,0.0,0.0,1.0,0.0,0.0,0.0,0.0,1
-0.9444378624613363,-0.543884893887276,-0.8300707901019612,-0.9862649071659377,-0.6253648713435828,-0.6164064977950603,-0.2178163539791389,1.0,0.0,1.0,0.0,0.0,0.0,0.0,0.0,0.0,0.0,1.0,0.0,0
-0.4314906617895749,-0.7887381966890442,0.1561187190678381,-0.9862649071659377,0.2154458245787344,-0.6164064977950603,-1.1988241371770987,1.0,0.0,0.0,0.0,0.0,0.0,1.0,0.0,0.0,1.0,0.0,0.0,0
-0.30325386162163454,-0.28075895654806243,-0.33697603551706157,-0.0701136189928391,-0.06482440739537135,-0.05512578435565574,-0.6538198131782321,0.0,0.0,0.0,0.0,1.0,0.0,0.0,0.0,0.0,0.0,0.0,0.0,0
0.594403739553948,1.5477943302226491,1.4710380646275707,0.8460376691802596,1.8970672164233688,1.0674356425231535,0.0001853756204077356,1.0,0.0,0.0,0.0,0.0,1.0,0.0,0.0,0.0,0.0,0.0,1.0,0
-0.1750170614536942,-0.09007864084554408,0.4848485554577712,-0.0701136189928391,1.0562565205010517,0.5061549290837488,-0.3268172187789122,0.0,0.0,0.0,0.0,0.0,0.0,0.0,1.0,0.0,0.0,0.0,0.0,0
2.6461925422409935,1.7778145532234322,-0.33697603551706157,1.7621889573533582,-0.9056351033176886,-0.335766141075358,1.7441992124167807,0.0,0.0,0.0,0.0,0.0,1.0,0.0,0.0,0.0,0.0,0.0,1.0,0
1.2355877403936497,2.8567598796168254,2.2928626556024034,2.678340245526457,1.0562565205010517,1.0674356425231535,0.32718797001972766,0.0,0.0,0.0,1.0,0.0,0.0,0.0,0.0,0.0,0.0,0.0,1.0,0
1.7485349410654112,1.3740968160314035,2.6215924919923363,1.7621889573533582,0.2154458245787344,1.6287163559625581,1.0901940236181409,0.0,0.0,0.0,0.0,0.0,0.0,0.0,1.0,0.0,0.0,0.0,1.0,1
-0.9444378624613363,-0.3886749864045046,-0.8300707901019612,-0.0701136189928391,-0.6253648713435828,-0.6164064977950603,-0.7628206779780055,1.0,0.0,0.0,0.0,0.0,0.0,0.0,1.0,0.0,0.0,1.0,0.0,0
0.2096933390501269,-0.9061130020707523,-0.008246199127128446,-0.9862649071659377,0.7759862885269458,-0.6164064977950603,-0.6538198131782321,0.0,0.0,0.0,0.0,0.0,0.0,0.0,0.0,1.0,1.0,0.0,0.0,0
2.9026661425768743,2.216787726464179,4.4296065921369685,1.7621889573533582,0.4957160565528401,3.3125584962807717,1.6351983476170073,0.0,0.0,0.0,1.0,0.0,0.0,0.0,0.0,0.0,0.0,0.0,1.0,0
-0.6879642621254556,-0.03160621032571883,-0.172611117322095,-0.0701136189928391,0.2154458245787344,-0.05512578435565574,-1.1988241371770987,0.0,0.0,0.0,0.0,1.0,0.0,0.0,0.0,0.0,0.0,0.0,0.0,0
0.33793013921806725,-0.17219801017853395,0.4848485554577712,-0.0701136189928391,0.7759862885269458,-0.6164064977950603,0.7631914292188209,1.0,1.0,0.0,0.0,0.0,0.0,0.0,0.0,0.0,0.0,0.0,0.0,0
0.8508773398898287,0.9065323440438303,-0.33697603551706157,0.8460376691802596,-0.06482440739537135,-0.6164064977950603,0.8721922940185942,1.0,0.0,0.0,0.0,0.0,0.0,0.0,1.0,0.0,0.0,0.0,1.0,0
-1.3291482629651574,-0.8478555437219558,-0.9944357082969277,-0.9862649071659377,-1.1859053352917943,-1.177687211234465,-1.8528293259757387,1.0,0.0,0.0,0.0,0.0,0.0,1.0,0.0,0.0,1.0,0.0,0.0,1
-0.816201062293396,-0.8235636883957049,-0.33697603551706157,-0.9862649071659377,-0.6253648713435828,-0.6164064977950603,-0.9808224075775521,0.0,0.0,0.0,0.0,0.0,0.0,1.0,0.0,0.0,1.0,0.0,0.0,0
-0.4314906617895749,-0.09115350170068792,-0.33697603551706157,-0.0701136189928391,-0.06482440739537135,-0.05512578435565574,0.21818710521995435,1.0,0.0,0.0,0.0,0.0,0.0,0.0,1.0,0.0,0.0,0.0,0.0,0
-0.30325386162163454,-0.1668237059028147,-0.5013409537120281,-0.0701136189928391,-0.3450946393694771,-0.6164064977950603,0.0001853756204077356,0.0,0.0,0.0,0.0,1.0,0.0,0.0,0.0,0.0,0.0,0.0,0.0,0
-0.1750170614536942,-0.22959557984321535,0.4848485554577712,-0.0701136189928391,-1.1859053352917943,-0.6164064977950603,-0.6538198131782321,0.0,0.0,0.0,0.0,0.0,0.0,0.0,1.0,0.0,0.0,0.0,0.0,0
-0.6879642621254556,-0.4649901071197177,-0.172611117322095,-0.9862649071659377,0.2154458245787344,-0.335766141075358,-0.3268172187789122,0.0,0.0,0.0,0.0,0.0,0.0,1.0,0.0,0.0,0.0,1.0,0.0,0
-0.4314906617895749,-0.020857601774280365,-0.172611117322095,-0.0701136189928391,0.2154458245787344,-0.335766141075358,0.0001853756204077356,0.0,0.0,0.0,0.0,1.0,0.0,0.0,0.0,0.0,0.0,0.0,0.0,0
-0.816201062293396,-0.9596410726569159,-0.6657058719069946,-0.9862649071659377,-0.6253648713435828,-0.6164064977950603,-0.9808224075775521,0.0,0.0,0.0,0.0,0.0,0.0,1.0,0.0,0.0,1.0,0.0,0.0,0
-0.6879642621254556,-0.3704023518670592,-0.33697603551706157,-0.9862649071659377,-0.6253648713435828,-0.335766141075358,-0.6538198131782321,1.0,0.0,0.0,0.0,0.0,0.0,1.0,0.0,0.0,0.0,1.0,0.0,0
1.7485349410654112,2.2219470585688694,-0.6657058719069946,1.7621889573533582,-0.6253648713435828,-0.6164064977950603,1.4171966180174609,1.0,0.0,0.0,0.0,0.0,1.0,0.0,0.0,0.0,0.0,0.0,1.0,0
-0.6879642621254556,-0.8828960075996453,-0.9944357082969277,-0.9862649071659377,-1.1859053352917943,-1.177687211234465,0.6541905644190477,1.0,0.0,0.0,0.0,0.0,0.0,1.0,0.0,0.0,1.0,0.0,0.0,1
-0.816201062293396,-0.7530528162982686,-0.5013409537120281,-0.9862649071659377,-0.3450946393694771,-0.6164064977950603,-1.0898232723773253,0.0,0.0,0.0,0.0,0.0,0.0,0.0,0.0,1.0,0.0,1.0,0.0,1
-0.30325386162163454,-0.3306325002267369,-0.33697603551706157,-0.0701136189928391,-0.06482440739537135,-0.335766141075358,0.8721922940185942,1.0,0.0,0.0,0.0,0.0,0.0,0.0,1.0,0.0,0.0,0.0,0.0,0
1.4920613407295304,2.318254591189758,-0.33697603551706157,1.7621889573533582,-0.3450946393694771,-0.05512578435565574,1.853200077216554,1.0,0.0,0.0,1.0,0.0,0.0,0.0,0.0,0.0,0.0,0.0,1.0,0
-0.816201062293396,-0.8349572134602297,-0.8300707901019612,-0.9862649071659377,-0.6253648713435828,-0.6164064977950603,-0.2178163539791389,1.0,0.0,1.0,0.0,0.0,0.0,0.0,0.0,0.0,1.0,0.0,0.0,0
-0.1750170614536942,0.15477466195622414,0.1561187190678381,0.8460376691802596,-0.06482440739537135,0.7867952858034511,-0.7628206779780055,0.0,0.0,0.0,0.0,0.0,0.0,0.0,1.0,0.0,0.0,0.0,0.0,0
-0.9444378624613363,-0.8018514991217992,-0.5013409537120281,-0.9862649071659377,-0.6253648713435828,-0.335766141075358,-1.634827596376192,1.0,0.0,0.0,0.0,0.0,0.0,1.0,0.0,0.0,1.0,0.0,0.0,0
3.0309029427448144,2.814410361924158,0.4848485554577712,2.678340245526457,1.3365267524751574,-0.05512578435565574,1.9622009420163273,1.0,0.0,0.0,1.0,0.0,0.0,0.0,0.0,0.0,0.0,0.0,1.0,0
0.33793013921806725,0.06663607183442874,-0.008246199127128446,-0.0701136189928391,-0.9056351033176886,0.7867952858034511,1.853200077216554,0.0,0.0,0.0,0.0,0.0,0.0,1.0,0.0,0.0,0.0,0.0,0.0,0
-0.6879642621254556,-0.47272910527675344,-0.33697603551706157,-0.0701136189928391,-0.06482440739537135,-0.05512578435565574,-0.6538198131782321,0.0,0.0,0.0,0.0,1.0,0.0,0.0,0.0,0.0,0.0,1.0,0.0,0
-1.200911462797217,-0.9673800708139515,-0.8300707901019612,-0.9862649071659377,-0.6253648713435828,-0.6164064977950603,-1.8528293259757387,0.0,0.0,0.0,0.0,0.0,0.0,0.0,0.0,1.0,1.0,0.0,0.0,1
-0.1750170614536942,-0.3039759510191695,0.4848485554577712,-0.0701136189928391,0.7759862885269458,0.7867952858034511,1.3081957532176876,0.0,0.0,0.0,0.0,0.0,0.0,1.0,0.0,0.0,0.0,0.0,0.0,0
0.4661669393860076,-0.4503719994897614,0.9779433100426709,-0.0701136189928391,1.8970672164233688,0.7867952858034511,0.0001853756204077356,1.0,0.0,0.0,0.0,0.0,0.0,1.0,0.0,0.0,0.0,1.0,0.0,0
-0.5597274619575152,-0.5518388642153406,-0.8300707901019612,-0.9862649071659377,-0.6253648713435828,-0.6164064977950603,-1.307825001976872,1.0,0.0,1.0,0.0,0.0,0.0,0.0,0.0,0.0,0.0,1.0,0.0,0
-0.1750170614536942,-0.3914696246278786,0.4848485554577712,-0.9862649071659377,1.3365267524751574,0.22551457236404657,-0.8718215427777788,1.0,0.0,1.0,0.0,0.0,0.0,0.0,0.0,0.0,0.0,1.0,0.0,0
-1.3291482629651574,-0.7928226679385909,-0.9944357082969277,-0.9862649071659377,-1.1859053352917943,-1.177687211234465,-0.9808224075775521,0.0,0.0,0.0,0.0,0.0,0.0,0.0,0.0,1.0,1.0,0.0,0.0,0
0.2096933390501269,-0.8798863972052424,0.32048363726280465,-0.9862649071659377,1.0562565205010517,1.0674356425231535,0.436188834819501,0.0,0.0,0.0,0.0,0.0,0.0,1.0,0.0,0.0,1.0,0.0,0.0,0
-0.30325386162163454,0.08340390117467274,0.32048363726280465,-0.0701136189928391,1.0562565205010517,-1.177687211234465,-0.6538198131782321,0.0,0.0,0.0,0.0,0.0,0.0,0.0,1.0,0.0,0.0,0.0,0.0,0
-0.9444378624613363,-0.26721570977325,-0.8300707901019612,-0.0701136189928391,-0.9056351033176886,-0.6164064977950603,-0.7628206779780055,0.0,0.0,0.0,0.0,0.0,0.0,0.0,1.0,0.0,0.0,0.0,0.0,0
-0.4314906617895749,-0.9439481041718157,0.1561187190678381,-0.9862649071659377,-0.9056351033176886,0.7867952858034511,-0.10881548917936558,0.0,0.0,1.0,0.0,0.0,0.0,0.0,0.0,0.0,1.0,0.0,0.0,0
3.159139742912755,2.4152070403237333,0.4848485554577712,1.7621889573533582,1.3365267524751574,1.3480759992428557,1.853200077216554,0.0,0.0,0.0,0.0,0.0,1.0,0.0,0.0,0.0,0.0,0.0,1.0,0
-0.1750170614536942,0.17347724083572708,-0.9944357082969277,0.8460376691802596,-1.1859053352917943,-1.177687211234465,0.10918624042018105,0.0,0.0,0.0,0.0,0.0,0.0,0.0,1.0,0.0,0.0,0.0,0.0,0
0.33793013921806725,0.001929448354769178,-0.9944357082969277,-0.0701136189928391,-1.1859053352917943,-1.177687211234465,0.10918624042018105,0.0,0.0,0.0,0.0,1.0,0.0,0.0,0.0,0.0,0.0,0.0,0.0,0
-0.1750170614536942,0.6410417128233002,0.32048363726280465,0.8460376691802596,0.7759862885269458,1.0674356425231535,0.10918624042018105,0.0,0.0,0.0,0.0,1.0,0.0,0.0,0.0,0.0,0.0,0.0,1.0,0
-0.6879642621254556,-0.7197321297888093,-0.172611117322095,-0.9862649071659377,0.2154458245787344,-0.335766141075358,-0.9808224075775521,0.0,0.0,1.0,0.0,0.0,0.0,0.0,0.0,0.0,0.0,1.0,0.0,0
0.594403739553948,0.6838211748580254,1.306673146432604,-0.0701136189928391,-0.9056351033176886,1.3480759992428557,-0.3268172187789122,0.0,0.0,0.0,0.0,0.0,0.0,0.0,1.0,0.0,0.0,0.0,1.0,0
-0.5597274619575152,0.023426665457646108,-0.9944357082969277,-0.0701136189928391,-1.1859053352917943,-1.177687211234465,-0.10881548917936558,0.0,0.0,0.0,0.0,0.0,0.0,0.0,1.0,0.0,0.0,0.0,0.0,0
-1.3291482629651574,-0.8824660632575877,-0.9944357082969277,-0.9862649071659377,-1.1859053352917943,-1.177687211234465,-0.8718215427777788,1.0,0.0,0.0,0.0,0.0,0.0,1.0,0.0,0.0,1.0,0.0,0.0,1
1.1073509402257093,-0.3600836876576783,-0.5013409537120281,-0.0701136189928391,-0.3450946393694771,-0.335766141075358,1.853200077216554,0.0,0.0,0.0,0.0,0.0,0.0,1.0,0.0,0.0,0.0,1.0,0.0,0
-0.9444378624613363,-0.6139658216426548,-0.9944357082969277,-0.9862649071659377,-1.1859053352917943,-1.177687211234465,-0.10881548917936558,0.0,0.0,1.0,0.0,0.0,0.0,0.0,0.0,0.0,0.0,1.0,0.0,0
-0.4314906617895749,0.023211693286617336,-0.172611117322095,-0.0701136189928391,-0.3450946393694771,-1.177687211234465,-0.10881548917936558,0.0,0.0,0.0,0.0,0.0,0.0,0.0,1.0,0.0,0.0,0.0,0.0,0
-0.30325386162163454,-0.5281919254021759,-0.172611117322095,-0.0701136189928391,0.2154458245787344,-0.6164064977950603,-0.5448189483784588,0.0,0.0,0.0,0.0,0.0,0.0,1.0,0.0,0.0,0.0,1.0,0.0,0
-0.1750170614536942,-0.24485860398625797,-0.8300707901019612,-0.0701136189928391,-0.6253648713435828,-0.6164064977950603,2.507205266015194,0.0,0.0,0.0,0.0,0.0,0.0,0.0,1.0,0.0,0.0,0.0,0.0,0
0.33793013921806725,-0.7311256548533341,0.4848485554577712,-0.9862649071659377,1.0562565205010517,0.5061549290837488,-0.4358180835786855,0.0,0.0,0.0,0.0,0.0,0.0,1.0,0.0,0.0,0.0,1.0,0.0,0
0.9791141400577691,-0.3888899585755334,0.9779433100426709,-0.0701136189928391,1.8970672164233688,1.3480759992428557,0.10918624042018105,0.0,0.0,0.0,0.0,0.0,0.0,1.0,0.0,0.0,0.0,1.0,0.0,0
-0.6879642621254556,-0.9407235216063842,-0.33697603551706157,-0.9862649071659377,-0.06482440739537135,-0.335766141075358,-0.8718215427777788,1.0,0.0,0.0,0.0,0.0,0.0,1.0,0.0,0.0,1.0,0.0,0.0,0
0.8508773398898287,0.39489857699535946,1.1423082282376373,-0.0701136189928391,0.7759862885269458,1.6287163559625581,1.7441992124167807,0.0,0.0,0.0,0.0,0.0,0.0,0.0,1.0,0.0,0.0,0.0,1.0,0
0.08145653888218654,-0.24270888227597026,0.4848485554577712,-0.0701136189928391,0.7759862885269458,1.0674356425231535,1.9622009420163273,1.0,0.0,1.0,0.0,0.0,0.0,0.0,0.0,0.0,0.0,0.0,0.0,0
1.1073509402257093,0.8495647187212065,-0.5013409537120281,0.8460376691802596,-0.3450946393694771,-0.335766141075358,1.4171966180174609,0.0,0.0,0.0,0.0,0.0,0.0,0.0,0.0,0.0,0.0,0.0,1.0,0
-1.3291482629651574,-0.9190113323324784,-0.9944357082969277,-0.9862649071659377,-1.1859053352917943,-0.8970468545147626,-0.2178163539791389,0.0,0.0,1.0,0.0,0.0,0.0,0.0,0.0,0.0,1.0,0.0,0.0,0
0.33793013921806725,0.1655232705076626,0.1561187190678381,0.8460376691802596,0.7759862885269458,0.7867952858034511,0.9811931588183676,0.0,0.0,0.0,0.0,0.0,0.0,0.0,1.0,0.0,0.0,0.0,0.0,1
-0.816201062293396,-0.5492591981629953,-0.33697603551706157,-0.9862649071659377,-0.06482440739537135,-0.6164064977950603,-1.5258267315764187,1.0,0.0,1.0,0.0,0.0,0.0,0.0,0.0,0.0,0.0,1.0,0.0,1
0.594403739553948,1.5058747568720392,-0.5013409537120281,0.8460376691802596,-0.3450946393694771,-0.335766141075358,1.853200077216554,0.0,0.0,0.0,0.0,0.0,1.0,0.0,0.0,0.0,0.0,0.0,1.0,0
-1.3291482629651574,-0.8880553397043357,-0.9944357082969277,-0.9862649071659377,-1.1859053352917943,-1.177687211234465,-1.307825001976872,1.0,0.0,0.0,0.0,0.0,0.0,0.0,0.0,1.0,1.0,0.0,0.0,1
-0.816201062293396,-0.9617907943672035,-0.33697603551706157,-0.9862649071659377,-0.6253648713435828,-0.05512578435565574,-0.9808224075775521,0.0,0.0,0.0,0.0,0.0,0.0,1.0,0.0,0.0,1.0,0.0,0.0,0
3.287376543080695,0.15391477327210906,-0.172611117322095,0.8460376691802596,-0.06482440739537135,-0.6164064977950603,2.071201806816101,0.0,0.0,0.0,0.0,1.0,0.0,0.0,0.0,0.0,0.0,0.0,0.0,0
-0.6879642621254556,-0.7756248942562893,-0.172611117322095,-0.9862649071659377,-0.06482440739537135,-0.6164064977950603,0.7631914292188209,1.0,0.0,0.0,0.0,0.0,0.0,1.0,0.0,0.0,0.0,1.0,0.0,1
-0.30325386162163454,-0.023652239997654367,-0.6657058719069946,-0.0701136189928391,-0.6253648713435828,-0.6164064977950603,0.8721922940185942,0.0,0.0,0.0,0.0,1.0,0.0,0.0,0.0,0.0,0.0,0.0,0.0,0
-0.6879642621254556,-0.18875086734774918,-0.33697603551706157,-0.0701136189928391,-0.3450946393694771,-0.335766141075358,0.10918624042018105,1.0,0.0,0.0,0.0,0.0,0.0,0.0,1.0,0.0,0.0,0.0,0.0,0
-0.1750170614536942,-0.897944059571659,0.1561187190678381,-0.9862649071659377,-0.6253648713435828,0.5061549290837488,1.1991948884179142,0.0,0.0,0.0,0.0,0.0,0.0,1.0,0.0,0.0,1.0,0.0,0.0,0
-0.6879642621254556,0.12037911459162105,-0.33697603551706157,-0.0701136189928391,-1.1859053352917943,-0.6164064977950603,-0.4358180835786855,0.0,0.0,0.0,0.0,0.0,0.0,0.0,1.0,0.0,0.0,0.0,0.0,0
1.1073509402257093,0.8450503031296023,1.7997679010175038,0.8460376691802596,2.45760768037158,2.189997069401963,0.32718797001972766,1.0,0.0,0.0,0.0,0.0,0.0,0.0,1.0,0.0,0.0,0.0,1.0,0
0.7226405397218884,0.02772610887822149,-0.9944357082969277,-0.0701136189928391,-1.1859053352917943,-1.177687211234465,0.10918624042018105,1.0,0.0,0.0,0.0,0.0,0.0,0.0,0.0,0.0,0.0,0.0,0.0,1
0.33793013921806725,0.514638076258384,-0.33697603551706157,-0.0701136189928391,-0.06482440739537135,-0.05512578435565574,0.436188834819501,0.0,0.0,0.0,0.0,0.0,0.0,0.0,1.0,0.0,0.0,0.0,1.0,0
-0.04678026128575383,-0.747033595509463,0.4848485554577712,-0.0701136189928391,1.0562565205010517,0.7867952858034511,0.21818710521995435,0.0,0.0,1.0,0.0,0.0,0.0,0.0,0.0,0.0,0.0,1.0,0.0,0
0.9791141400577691,-0.08448936439879608,1.9641328192124703,-0.0701136189928391,-0.6253648713435828,1.3480759992428557,0.436188834819501,0.0,0.0,0.0,0.0,0.0,0.0,0.0,1.0,0.0,0.0,0.0,0.0,0
-0.1750170614536942,2.3431913630290957,0.4848485554577712,1.7621889573533582,1.0562565205010517,-1.177687211234465,-0.4358180835786855,0.0,0.0,0.0,1.0,0.0,0.0,0.0,0.0,0.0,0.0,0.0,1.0,0
-0.6879642621254556,-0.7863735028077278,-0.172611117322095,-0.9862649071659377,-0.3450946393694771,-0.6164064977950603,-1.4168258667766453,1.0,0.0,1.0,0.0,0.0,0.0,0.0,0.0,0.0,1.0,0.0,0.0,1
-0.1750170614536942,0.2831130480603994,-0.9944357082969277,0.8460376691802596,-1.1859053352917943,-1.177687211234465,0.10918624042018105,1.0,0.0,0.0,0.0,1.0,0.0,0.0,0.0,0.0,0.0,0.0,0.0,0
-0.6879642621254556,-0.9033183638473783,-0.33697603551706157,-0.9862649071659377,-0.06482440739537135,-0.335766141075358,-0.10881548917936558,0.0,1.0,0.0,0.0,0.0,0.0,0.0,0.0,0.0,1.0,0.0,0.0,0
-0.04678026128575383,0.29536646180903925,0.6492134736527377,0.8460376691802596,1.6167969844492631,-0.8970468545147626,-0.8718215427777788,0.0,0.0,0.0,0.0,0.0,0.0,0.0,1.0,0.0,0.0,0.0,0.0,0
-0.816201062293396,-0.6646992540054444,-0.6657058719069946,-0.9862649071659377,-0.6253648713435828,-0.6164064977950603,-0.4358180835786855,0.0,0.0,0.0,0.0,0.0,0.0,1.0,0.0,0.0,0.0,1.0,0.0,0
-0.1750170614536942,1.1589096728316055,0.4848485554577712,0.8460376691802596,-0.6253648713435828,0.7867952858034511,-0.8718215427777788,0.0,0.0,0.0,0.0,0.0,1.0,0.0,0.0,0.0,0.0,0.0,1.0,0
-0.5597274619575152,-0.9611458778541172,-0.6657058719069946,-0.9862649071659377,-0.6253648713435828,-0.6164064977950603,0.0001853756204077356,1.0,1.0,0.0,0.0,0.0,0.0,0.0,0.0,0.0,1.0,0.0,0.0,1
0.08145653888218654,1.0675465001443785,0.6492134736527377,0.8460376691802596,1.6167969844492631,1.3480759992428557,0.10918624042018105,1.0,0.0,0.0,0.0,0.0,1.0,0.0,0.0,0.0,0.0,0.0,1.0,0
1.7485349410654112,0.9037377058204563,2.6215924919923363,0.8460376691802596,3.0181481443197913,-0.05512578435565574,0.8721922940185942,0.0,0.0,0.0,0.0,0.0,0.0,0.0,0.0,0.0,0.0,0.0,1.0,0
-1.3291482629651574,-0.8276481596452515,-0.9944357082969277,-0.9862649071659377,-1.1859053352917943,-1.177687211234465,-1.4168258667766453,0.0,0.0,1.0,0.0,0.0,0.0,0.0,0.0,0.0,1.0,0.0,0.0,0
0.594403739553948,-0.8652682895752861,0.6492134736527377,-0.9862649071659377,1.0562565205010517,1.3480759992428557,-0.10881548917936558,0.0,0.0,1.0,0.0,0.0,0.0,0.0,0.0,0.0,1.0,0.0,0.0,0
-0.816201062293396,-0.5445298104003623,-0.5013409537120281,-0.0701136189928391,-0.6253648713435828,-0.335766141075358,-1.4168258667766453,0.0,0.0,0.0,0.0,1.0,0.0,0.0,0.0,0.0,0.0,1.0,0.0,0
0.7226405397218884,0.8901944590456439,1.6354029828225372,0.8460376691802596,2.737877912345686,3.0319181395610695,-0.2178163539791389,1.0,0.0,0.0,0.0,1.0,0.0,0.0,0.0,0.0,0.0,0.0,1.0,0
2.517955742073053,1.5654220482470083,0.32048363726280465,1.7621889573533582,1.0562565205010517,-1.177687211234465,1.6351983476170073,0.0,0.0,0.0,0.0,1.0,0.0,0.0,0.0,0.0,0.0,0.0,1.0,0
-0.30325386162163454,-0.22766083030395642,-0.33697603551706157,-0.0701136189928391,-0.3450946393694771,-0.05512578435565574,1.853200077216554,1.0,0.0,0.0,0.0,1.0,0.0,0.0,0.0,0.0,0.0,0.0,0.0,0
1.7485349410654112,0.6836062026869966,-0.9944357082969277,0.8460376691802596,-1.1859053352917943,-1.177687211234465,0.8721922940185942,0.0,0.0,0.0,0.0,0.0,0.0,1.0,0.0,0.0,0.0,0.0,1.0,0
-0.1750170614536942,-0.2508778247750635,-0.008246199127128446,-0.0701136189928391,0.7759862885269458,0.7867952858034511,0.21818710521995435,0.0,0.0,0.0,0.0,1.0,0.0,0.0,0.0,0.0,0.0,0.0,0.0,0
-0.30325386162163454,-0.3738419066035195,0.1561187190678381,-0.0701136189928391,0.7759862885269458,0.7867952858034511,0.8721922940185942,0.0,0.0,0.0,0.0,0.0,0.0,0.0,1.0,0.0,0.0,1.0,0.0,0
-0.1750170614536942,-0.9721094585765845,0.4848485554577712,-0.9862649071659377,-0.6253648713435828,1.0674356425231535,-0.2178163539791389,1.0,0.0,0.0,0.0,0.0,0.0,1.0,0.0,0.0,1.0,0.0,0.0,1
1.2355877403936497,2.262361826722278,2.2928626556024034,1.7621889573533582,1.3365267524751574,1.6287163559625581,0.21818710521995435,1.0,0.0,0.0,1.0,0.0,0.0,0.0,0.0,0.0,0.0,0.0,1.0,0
-0.6879642621254556,-0.6281539849305536,-0.172611117322095,-0.9862649071659377,0.2154458245787344,-0.335766141075358,-0.3268172187789122,1.0,0.0,0.0,0.0,0.0,0.0,1.0,0.0,0.0,0.0,1.0,0.0,0
1.4920613407295304,0.49894510777328377,1.9641328192124703,0.8460376691802596,0.7759862885269458,1.0674356425231535,0.8721922940185942,0.0,0.0,0.0,0.0,0.0,0.0,0.0,1.0,0.0,0.0,0.0,1.0,0
-0.6879642621254556,-0.9366390503568376,-0.8300707901019612,-0.9862649071659377,-1.1859053352917943,-0.6164064977950603,-1.307825001976872,0.0,1.0,0.0,0.0,0.0,0.0,0.0,0.0,0.0,1.0,0.0,0.0,0
0.4661669393860076,1.5174832541075927,-0.33697603551706157,0.8460376691802596,-0.6253648713435828,-0.6164064977950603,0.0001853756204077356,1.0,0.0,0.0,0.0,0.0,1.0,0.0,0.0,0.0,0.0,0.0,1.0,0
-1.3291482629651574,-0.8912799222697673,-0.9944357082969277,-0.9862649071659377,-1.1859053352917943,-1.177687211234465,-1.634827596376192,1.0,0.0,1.0,0.0,0.0,0.0,0.0,0.0,0.0,1.0,0.0,0.0,1
-0.1750170614536942,-0.16660873373178595,0.4848485554577712,-0.0701136189928391,0.7759862885269458,-0.05512578435565574,0.8721922940185942,1.0,0.0,1.0,0.0,0.0,0.0,0.0,0.0,0.0,0.0,0.0,0.0,0
1.6202981408974708,0.7695950710985043,2.1284977374074368,0.8460376691802596,1.0562565205010517,1.3480759992428557,0.5451896996192743,1.0,0.0,0.0,0.0,0.0,0.0,0.0,0.0,0.0,0.0,0.0,1.0,0
-0.30325386162163454,-0.9099825011492702,-0.6657058719069946,-0.9862649071659377,-0.6253648713435828,-0.6164064977950603,-0.3268172187789122,0.0,0.0,0.0,0.0,0.0,0.0,1.0,0.0,0.0,1.0,0.0,0.0,0
-0.5597274619575152,-0.30591070055842845,-1.1588006264918942,-0.0701136189928391,-1.1859053352917943,-1.177687211234465,-0.3268172187789122,0.0,0.0,0.0,0.0,1.0,0.0,0.0,0.0,0.0,0.0,0.0,0.0,0
1.4920613407295304,1.899273829854687,0.1561187190678381,1.7621889573533582,0.7759862885269458,-1.177687211234465,1.3081957532176876,0.0,0.0,0.0,1.0,0.0,0.0,0.0,0.0,0.0,0.0,0.0,1.0,0
0.7226405397218884,0.7635758503096988,1.6354029828225372,0.8460376691802596,2.737877912345686,1.0674356425231535,-0.10881548917936558,0.0,0.0,0.0,0.0,0.0,0.0,0.0,0.0,0.0,0.0,0.0,1.0,0
-0.6879642621254556,-0.9037483081894359,-0.172611117322095,-0.9862649071659377,0.2154458245787344,0.22551457236404657,-0.8718215427777788,0.0,0.0,0.0,0.0,0.0,0.0,1.0,0.0,0.0,1.0,0.0,0.0,0
-0.9444378624613363,-0.8609688461547107,-0.5013409537120281,-0.9862649071659377,-0.6253648713435828,-0.6164064977950603,-1.0898232723773253,0.0,0.0,0.0,0.0,0.0,0.0,1.0,0.0,0.0,1.0,0.0,0.0,0
-0.1750170614536942,-0.5714013317789585,0.4848485554577712,-0.0701136189928391,-0.9056351033176886,1.0674356425231535,-0.10881548917936558,0.0,1.0,0.0,0.0,0.0,0.0,0.0,0.0,0.0,0.0,1.0,0.0,0
-1.3291482629651574,-0.8899900892435946,-0.9944357082969277,-0.9862649071659377,-1.1859053352917943,-1.177687211234465,-0.2178163539791389,0.0,0.0,0.0,0.0,0.0,0.0,0.0,0.0,1.0,1.0,0.0,0.0,0
-0.4314906617895749,-0.9213760262137949,-0.6657058719069946,-0.9862649071659377,-0.6253648713435828,-0.6164064977950603,0.6541905644190477,0.0,0.0,1.0,0.0,0.0,0.0,0.0,0.0,0.0,1.0,0.0,0.0,0
-1.0726746626292767,-0.8801013693762713,-0.6657058719069946,-0.9862649071659377,-1.1859053352917943,-0.6164064977950603,-0.2178163539791389,0.0,0.0,1.0,0.0,0.0,0.0,0.0,0.0,0.0,1.0,0.0,0.0,0
2.389718941905113,0.21088239859473293,1.306673146432604,0.8460376691802596,0.7759862885269458,2.189997069401963,1.7441992124167807,0.0,0.0,0.0,0.0,0.0,0.0,0.0,1.0,0.0,0.0,0.0,0.0,0
0.2096933390501269,-0.23303513457967565,-0.008246199127128446,-0.0701136189928391,0.7759862885269458,0.7867952858034511,-0.6538198131782321,0.0,0.0,0.0,0.0,0.0,0.0,0.0,1.0,0.0,0.0,0.0,0.0,0
2.6461925422409935,1.6911807682988382,4.100876755747035,1.7621889573533582,0.4957160565528401,1.3480759992428557,1.4171966180174609,1.0,0.0,0.0,0.0,0.0,1.0,0.0,0.0,0.0,0.0,0.0,1.0,0
-0.5597274619575152,-0.71263804814486,-0.6657058719069946,-0.9862649071659377,-0.6253648713435828,-0.6164064977950603,-1.307825001976872,0.0,0.0,1.0,0.0,0.0,0.0,0.0,0.0,0.0,0.0,1.0,0.0,0
-0.30325386162163454,0.741003772351678,-0.008246199127128446,0.8460376691802596,0.7759862885269458,0.7867952858034511,0.21818710521995435,0.0,0.0,0.0,0.0,0.0,0.0,0.0,0.0,0.0,0.0,0.0,1.0,0
0.2096933390501269,1.1715930309223028,0.8135783918477043,0.8460376691802596,0.4957160565528401,1.9093567126822604,-0.3268172187789122,0.0,0.0,0.0,0.0,0.0,1.0,0.0,0.0,0.0,0.0,0.0,1.0,0
0.7226405397218884,0.7904473716882949,0.1561187190678381,0.8460376691802596,0.2154458245787344,0.5061549290837488,-0.2178163539791389,0.0,0.0,0.0,0.0,1.0,0.0,0.0,0.0,0.0,0.0,0.0,1.0,0
-1.200911462797217,-0.7547725936664987,-0.8300707901019612,-0.9862649071659377,-0.6253648713435828,-0.6164064977950603,-1.8528293259757387,0.0,0.0,1.0,0.0,0.0,0.0,0.0,0.0,0.0,0.0,1.0,0.0,0
-0.6879642621254556,-0.6612596992689841,-0.8300707901019612,-0.9862649071659377,-0.6253648713435828,-0.6164064977950603,-1.0898232723773253,0.0,0.0,1.0,0.0,0.0,0.0,0.0,0.0,0.0,0.0,1.0,0.0,0
-0.816201062293396,-0.44413780652992707,-0.33697603551706157,-0.0701136189928391,-0.06482440739537135,-0.05512578435565574,-1.0898232723773253,1.0,0.0,0.0,0.0,0.0,0.0,0.0,1.0,0.0,0.0,1.0,0.0,0
1.8767717412333516,2.26902596402417,0.32048363726280465,1.7621889573533582,1.0562565205010517,1.0674356425231535,1.6351983476170073,0.0,0.0,0.0,1.0,0.0,0.0,0.0,0.0,0.0,0.0,0.0,1.0,0
-1.200911462797217,-0.8171145232648418,-0.8300707901019612,-0.9862649071659377,-0.6253648713435828,-0.6164064977950603,-0.5448189483784588,0.0,0.0,1.0,0.0,0.0,0.0,0.0,0.0,0.0,1.0,0.0,0.0,0
2.133245341569232,2.257632438959645,3.2790521647722026,1.7621889573533582,1.6167969844492631,0.7867952858034511,1.4171966180174609,0.0,0.0,0.0,1.0,0.0,0.0,0.0,0.0,0.0,0.0,0.0,1.0,0
1.36382454056159,2.605672383855223,-0.6657058719069946,2.678340245526457,-0.6253648713435828,-0.6164064977950603,1.3081957532176876,1.0,0.0,0.0,0.0,0.0,1.0,0.0,0.0,0.0,0.0,0.0,1.0,0
-1.3291482629651574,-0.8059359703713458,-0.9944357082969277,-0.9862649071659377,-1.1859053352917943,-0.8970468545147626,-0.5448189483784588,1.0,0.0,1.0,0.0,0.0,0.0,0.0,0.0,0.0,1.0,0.0,0.0,1
0.4661669393860076,-0.4514468603449053,0.6492134736527377,-0.0701136189928391,1.0562565205010517,1.6287163559625581,-0.3268172187789122,0.0,0.0,1.0,0.0,0.0,0.0,0.0,0.0,0.0,0.0,1.0,0.0,0
-0.5597274619575152,-0.7973370835301951,-0.9944357082969277,-0.9862649071659377,-1.1859053352917943,-1.177687211234465,-0.10881548917936558,0.0,0.0,1.0,0.0,0.0,0.0,0.0,0.0,0.0,1.0,0.0,0.0,0
0.8508773398898287,0.8386011379987393,0.1561187190678381,0.8460376691802596,0.4957160565528401,-1.177687211234465,1.6351983476170073,0.0,0.0,0.0,0.0,0.0,0.0,0.0,0.0,0.0,0.0,0.0,1.0,0
-0.6879642621254556,-0.8220588831985035,-0.33697603551706157,-0.9862649071659377,-0.3450946393694771,-0.6164064977950603,-0.7628206779780055,0.0,0.0,1.0,0.0,0.0,0.0,0.0,0.0,0.0,1.0,0.0,0.0,0
3.287376543080695,2.0953284498329245,1.4710380646275707,1.7621889573533582,1.3365267524751574,2.7512777828413673,2.289203536415647,0.0,0.0,0.0,1.0,0.0,0.0,0.0,0.0,0.0,0.0,0.0,1.0,0
1.6202981408974708,2.555153923663462,2.785957410187303,2.678340245526457,0.7759862885269458,1.3480759992428557,0.5451896996192743,0.0,0.0,0.0,1.0,0.0,0.0,0.0,0.0,0.0,0.0,0.0,1.0,0
-0.4314906617895749,-0.4379036135700928,-0.33697603551706157,-0.0701136189928391,-0.9056351033176886,-0.05512578435565574,1.3081957532176876,0.0,0.0,0.0,0.0,0.0,0.0,0.0,1.0,0.0,0.0,1.0,0.0,0
0.8508773398898287,0.9144863143718948,-0.9944357082969277,0.8460376691802596,-1.1859053352917943,-1.177687211234465,0.6541905644190477,0.0,0.0,0.0,0.0,0.0,0.0,0.0,1.0,0.0,0.0,0.0,1.0,0
-0.4314906617895749,-0.902673447334292,-0.6657058719069946,-0.9862649071659377,-0.9056351033176886,-0.6164064977950603,0.32718797001972766,0.0,0.0,0.0,0.0,0.0,0.0,1.0,0.0,0.0,1.0,0.0,0.0,0
3.287376543080695,2.687361808846155,4.758336428526902,2.678340245526457,1.6167969844492631,2.470637426121665,1.9622009420163273,1.0,0.0,0.0,1.0,0.0,0.0,0.0,0.0,0.0,0.0,0.0,1.0,0
-0.816201062293396,-0.8061509425423746,-0.33697603551706157,-0.9862649071659377,-0.9056351033176886,-0.335766141075358,-0.5448189483784588,0.0,0.0,1.0,0.0,0.0,0.0,0.0,0.0,0.0,1.0,0.0,0.0,0
2.517955742073053,2.1952905093613024,0.32048363726280465,1.7621889573533582,0.7759862885269458,-0.6164064977950603,1.9622009420163273,0.0,0.0,0.0,1.0,0.0,0.0,0.0,0.0,0.0,0.0,0.0,1.0,0
-1.0726746626292767,-0.8274331874742228,-0.8300707901019612,-0.9862649071659377,-0.6253648713435828,-0.6164064977950603,-0.6538198131782321,1.0,0.0,0.0,0.0,0.0,0.0,1.0,0.0,0.0,1.0,0.0,0.0,0
-0.4314906617895749,-0.3585788824604769,-0.172611117322095,-0.9862649071659377,-0.06482440739537135,-0.6164064977950603,0.6541905644190477,0.0,0.0,1.0,0.0,0.0,0.0,0.0,0.0,0.0,0.0,1.0,0.0,0
0.33793013921806725,0.03073571927262426,1.1423082282376373,-0.0701136189928391,1.8970672164233688,1.9093567126822604,-0.3268172187789122,0.0,0.0,0.0,0.0,0.0,0.0,0.0,0.0,0.0,0.0,0.0,0.0,0
-0.816201062293396,-0.9033183638473783,-0.5013409537120281,-0.9862649071659377,-0.6253648713435828,-0.335766141075358,0.32718797001972766,1.0,0.0,0.0,0.0,0.0,0.0,1.0,0.0,0.0,1.0,0.0,0.0,0
1.1073509402257093,-0.47552374350012744,2.1284977374074368,-0.0701136189928391,1.3365267524751574,0.7867952858034511,0.5451896996192743,0.0,0.0,0.0,0.0,0.0,0.0,1.0,0.0,0.0,0.0,1.0,0.0,0
-0.6879642621254556,-0.35836391028944814,-0.33697603551706157,-0.0701136189928391,-0.3450946393694771,-1.177687211234465,-0.9808224075775521,0.0,0.0,0.0,0.0,1.0,0.0,0.0,0.0,0.0,0.0,1.0,0.0,0
-0.1750170614536942,-0.31171494917620524,-0.9944357082969277,-0.0701136189928391,-1.1859053352917943,-1.177687211234465,0.32718797001972766,0.0,0.0,1.0,0.0,0.0,0.0,0.0,0.0,0.0,0.0,0.0,0.0,0
-0.6879642621254556,-0.8566694027341354,-0.172611117322095,-0.9862649071659377,0.2154458245787344,-0.8970468545147626,-0.2178163539791389,0.0,0.0,0.0,0.0,0.0,0.0,1.0,0.0,0.0,1.0,0.0,0.0,0
-0.1750170614536942,-0.35707407726327556,0.4848485554577712,-0.0701136189928391,-0.06482440739537135,-0.8970468545147626,-0.5448189483784588,0.0,0.0,1.0,0.0,0.0,0.0,0.0,0.0,0.0,0.0,1.0,0.0,1
-0.816201062293396,-0.4770285486973288,-0.33697603551706157,-0.0701136189928391,-0.6253648713435828,-0.335766141075358,-0.3268172187789122,0.0,0.0,0.0,0.0,1.0,0.0,0.0,0.0,0.0,0.0,1.0,0.0,0
-1.3291482629651574,-0.9609309056830885,-0.9944357082969277,-0.9862649071659377,-1.1859053352917943,-1.177687211234465,-0.2178163539791389,1.0,0.0,1.0,0.0,0.0,0.0,0.0,0.0,0.0,1.0,0.0,0.0,1
-1.200911462797217,-0.8085156364236911,-0.8300707901019612,-0.9862649071659377,-0.6253648713435828,-0.6164064977950603,-1.8528293259757387,0.0,0.0,0.0,0.0,0.0,0.0,0.0,0.0,1.0,1.0,0.0,0.0,0
2.517955742073053,2.1520811029845195,-0.33697603551706157,1.7621889573533582,-0.6253648713435828,-0.05512578435565574,1.6351983476170073,0.0,0.0,0.0,1.0,0.0,0.0,0.0,0.0,0.0,0.0,0.0,1.0,0
-0.1750170614536942,-0.37728146133997986,-0.6657058719069946,-0.0701136189928391,-0.6253648713435828,-0.6164064977950603,1.3081957532176876,0.0,0.0,1.0,0.0,0.0,0.0,0.0,0.0,0.0,0.0,1.0,0.0,0
-0.5597274619575152,-0.7270411836037874,-0.33697603551706157,-0.9862649071659377,-0.6253648713435828,-0.335766141075358,0.7631914292188209,0.0,0.0,1.0,0.0,0.0,0.0,0.0,0.0,0.0,0.0,1.0,0.0,0
0.08145653888218654,-0.31493953174163675,-0.008246199127128446,-0.0701136189928391,0.7759862885269458,0.7867952858034511,-0.10881548917936558,0.0,0.0,0.0,0.0,0.0,0.0,0.0,1.0,0.0,0.0,0.0,0.0,0
-0.6879642621254556,-0.6947953579494721,-0.6657058719069946,-0.9862649071659377,-0.6253648713435828,-0.6164064977950603,-0.5448189483784588,0.0,0.0,0.0,0.0,0.0,0.0,1.0,0.0,0.0,0.0,1.0,0.0,0
-0.9444378624613363,-0.6812521111746597,-0.6657058719069946,-0.9862649071659377,-0.6253648713435828,-0.6164064977950603,-1.634827596376192,0.0,0.0,0.0,0.0,0.0,0.0,1.0,0.0,0.0,0.0,1.0,0.0,0
-0.30325386162163454,-0.17477767623087917,-0.172611117322095,-0.0701136189928391,-0.6253648713435828,-0.335766141075358,0.0001853756204077356,0.0,0.0,0.0,0.0,0.0,0.0,0.0,0.0,0.0,0.0,0.0,0.0,0
0.08145653888218654,-0.8555945418789915,0.6492134736527377,-0.9862649071659377,0.7759862885269458,0.7867952858034511,-0.7628206779780055,0.0,0.0,1.0,0.0,0.0,0.0,0.0,0.0,0.0,1.0,0.0,0.0,0
0.4661669393860076,-0.2874230938499543,1.306673146432604,-0.0701136189928391,2.737877912345686,0.7867952858034511,-0.4358180835786855,1.0,0.0,1.0,0.0,0.0,0.0,0.0,0.0,0.0,0.0,0.0,0.0,0
0.33793013921806725,-0.4624104410673725,-0.33697603551706157,-0.0701136189928391,-0.06482440739537135,-0.05512578435565574,0.436188834819501,0.0,0.0,0.0,0.0,0.0,0.0,0.0,1.0,0.0,0.0,1.0,0.0,0
1.2355877403936497,1.5103891724636433,2.1284977374074368,1.7621889573533582,0.7759862885269458,1.6287163559625581,0.436188834819501,0.0,0.0,0.0,0.0,1.0,0.0,0.0,0.0,0.0,0.0,0.0,1.0,0
-0.4314906617895749,-0.6993097735410763,-0.008246199127128446,-0.9862649071659377,0.2154458245787344,-0.8970468545147626,-0.8718215427777788,0.0,0.0,0.0,0.0,0.0,0.0,1.0,0.0,0.0,0.0,1.0,0.0,0
0.8508773398898287,-0.34568055219875077,-0.008246199127128446,-0.0701136189928391,0.7759862885269458,0.7867952858034511,1.5261974828172342,0.0,0.0,0.0,0.0,0.0,0.0,0.0,1.0,0.0,0.0,0.0,0.0,0
0.4661669393860076,0.8392460545118255,-0.8300707901019612,0.8460376691802596,-0.6253648713435828,-0.6164064977950603,1.7441992124167807,1.0,0.0,0.0,0.0,0.0,0.0,0.0,1.0,0.0,0.0,0.0,1.0,1
-0.9444378624613363,-0.3824407934446703,-0.9944357082969277,-0.0701136189928391,-1.1859053352917943,-1.177687211234465,0.6541905644190477,0.0,0.0,0.0,0.0,1.0,0.0,0.0,0.0,0.0,0.0,1.0,0.0,0
-1.3291482629651574,-1.1722485498043687,-0.9944357082969277,-0.9862649071659377,-1.1859053352917943,-1.177687211234465,-0.8718215427777788,0.0,0.0,0.0,0.0,0.0,0.0,0.0,0.0,1.0,1.0,0.0,0.0,1
-0.1750170614536942,-0.26549593240501984,0.4848485554577712,-0.0701136189928391,1.0562565205010517,0.7867952858034511,-0.5448189483784588,0.0,0.0,1.0,0.0,0.0,0.0,0.0,0.0,0.0,0.0,0.0,0.0,0
-1.200911462797217,-0.6670639478867608,-0.8300707901019612,-0.9862649071659377,-0.6253648713435828,-0.6164064977950603,-0.9808224075775521,1.0,0.0,1.0,0.0,0.0,0.0,0.0,0.0,0.0,0.0,1.0,0.0,1
-0.4314906617895749,-0.8921398109538823,0.1561187190678381,-0.9862649071659377,-0.6253648713435828,0.7867952858034511,-1.0898232723773253,1.0,0.0,0.0,0.0,0.0,0.0,1.0,0.0,0.0,1.0,0.0,0.0,1
-0.1750170614536942,0.4826072227750973,0.4848485554577712,0.8460376691802596,0.7759862885269458,1.0674356425231535,-0.2178163539791389,0.0,0.0,0.0,0.0,0.0,0.0,0.0,1.0,0.0,0.0,0.0,1.0,0
-0.4314906617895749,-0.10362188762035654,-0.5013409537120281,-0.0701136189928391,-0.3450946393694771,-0.6164064977950603,0.5451896996192743,1.0,0.0,0.0,0.0,1.0,0.0,0.0,0.0,0.0,0.0,0.0,0.0,0
0.33793013921806725,1.0935581328388597,0.6492134736527377,0.8460376691802596,1.6167969844492631,1.0674356425231535,-0.3268172187789122,0.0,0.0,0.0,1.0,0.0,0.0,0.0,0.0,0.0,0.0,0.0,1.0,0
-0.816201062293396,-0.5051899031020975,-0.33697603551706157,-0.0701136189928391,-0.3450946393694771,-0.335766141075358,-1.307825001976872,1.0,0.0,0.0,0.0,0.0,0.0,0.0,1.0,0.0,0.0,1.0,0.0,0
-1.0726746626292767,-0.8347422412892009,-0.8300707901019612,-0.9862649071659377,-0.6253648713435828,-0.6164064977950603,-0.3268172187789122,0.0,0.0,1.0,0.0,0.0,0.0,0.0,0.0,0.0,1.0,0.0,0.0,0
-0.6879642621254556,-0.9366390503568376,-0.33697603551706157,-0.9862649071659377,-0.3450946393694771,-0.335766141075358,-1.0898232723773253,0.0,0.0,0.0,0.0,0.0,0.0,1.0,0.0,0.0,1.0,0.0,0.0,0
-0.04678026128575383,-0.25754196207695534,-0.008246199127128446,-0.0701136189928391,-0.9056351033176886,0.7867952858034511,-0.3268172187789122,0.0,0.0,1.0,0.0,0.0,0.0,0.0,0.0,0.0,0.0,0.0,0.0,1
-0.4314906617895749,-0.883110979770674,-0.33697603551706157,-0.9862649071659377,-0.06482440739537135,-0.05512578435565574,-0.4358180835786855,1.0,0.0,1.0,0.0,0.0,0.0,0.0,0.0,0.0,1.0,0.0,0.0,1
-0.5597274619575152,-0.53270634099378,-0.008246199127128446,-0.9862649071659377,0.7759862885269458,0.7867952858034511,-1.0898232723773253,0.0,0.0,1.0,0.0,0.0,0.0,0.0,0.0,0.0,0.0,1.0,0.0,0
-0.1750170614536942,-0.9213760262137949,0.1561187190678381,-0.9862649071659377,-1.1859053352917943,0.7867952858034511,-0.2178163539791389,0.0,0.0,1.0,0.0,0.0,0.0,0.0,0.0,0.0,1.0,0.0,0.0,0
-0.1750170614536942,0.161438799258116,0.4848485554577712,0.8460376691802596,1.0562565205010517,0.5061549290837488,-0.2178163539791389,0.0,0.0,0.0,0.0,0.0,0.0,0.0,1.0,0.0,0.0,0.0,0.0,0
-0.9444378624613363,-0.9611458778541172,-0.8300707901019612,-0.9862649071659377,-0.6253648713435828,-0.6164064977950603,-1.5258267315764187,0.0,0.0,0.0,0.0,0.0,0.0,1.0,0.0,0.0,1.0,0.0,0.0,0
-0.1750170614536942,0.1928247362283163,0.4848485554577712,0.8460376691802596,1.0562565205010517,0.7867952858034511,0.8721922940185942,0.0,0.0,0.0,0.0,0.0,0.0,0.0,0.0,0.0,0.0,0.0,0.0,0
-0.6879642621254556,-0.6588950053876677,-0.33697603551706157,-0.9862649071659377,-0.06482440739537135,-0.05512578435565574,-0.6538198131782321,0.0,0.0,1.0,0.0,0.0,0.0,0.0,0.0,0.0,0.0,1.0,0.0,1
0.33793013921806725,1.1636390605942384,0.9779433100426709,0.8460376691802596,1.0562565205010517,2.189997069401963,1.0901940236181409,0.0,0.0,0.0,0.0,0.0,1.0,0.0,0.0,0.0,0.0,0.0,1.0,0
2.133245341569232,2.2202272812006396,-0.008246199127128446,1.7621889573533582,0.7759862885269458,0.7867952858034511,0.9811931588183676,1.0,0.0,0.0,1.0,0.0,0.0,0.0,0.0,0.0,0.0,0.0,1.0,0
-0.1750170614536942,0.00020967098653902383,-0.6657058719069946,-0.0701136189928391,-0.6253648713435828,-0.6164064977950603,0.5451896996192743,1.0,0.0,0.0,0.0,0.0,0.0,1.0,0.0,0.0,0.0,0.0,0.0,0
-0.816201062293396,-0.41490159127001447,-0.5013409537120281,-0.0701136189928391,-0.6253648713435828,-0.6164064977950603,-0.2178163539791389,1.0,0.0,0.0,0.0,0.0,0.0,0.0,1.0,0.0,0.0,1.0,0.0,1
2.389718941905113,2.1744382087715115,-0.33697603551706157,1.7621889573533582,-0.06482440739537135,-0.6164064977950603,1.9622009420163273,1.0,0.0,0.0,1.0,0.0,0.0,0.0,0.0,0.0,0.0,0.0,1.0,0
0.33793013921806725,-0.44155814047758185,0.4848485554577712,-0.0701136189928391,1.3365267524751574,1.0674356425231535,-0.3268172187789122,0.0,1.0,0.0,0.0,0.0,0.0,0.0,0.0,0.0,0.0,1.0,0.0,0
0.7226405397218884,1.4405232168792932,-1.1588006264918942,0.8460376691802596,-1.1859053352917943,-1.177687211234465,0.8721922940185942,1.0,0.0,0.0,0.0,0.0,1.0,0.0,0.0,0.0,0.0,0.0,1.0,0
-0.30325386162163454,0.026436275852048878,-0.33697603551706157,-0.0701136189928391,-0.9056351033176886,-0.6164064977950603,-0.5448189483784588,0.0,0.0,0.0,0.0,0.0,0.0,0.0,0.0,0.0,0.0,0.0,0.0,0
2.7744293424089337,1.608416482452762,4.265241673942002,1.7621889573533582,1.3365267524751574,1.6287163559625581,1.5261974828172342,1.0,0.0,0.0,1.0,0.0,0.0,0.0,0.0,0.0,0.0,0.0,1.0,0
-0.30325386162163454,-0.9559865457494268,-0.33697603551706157,-0.9862649071659377,-0.3450946393694771,-0.05512578435565574,-0.7628206779780055,0.0,0.0,1.0,0.0,0.0,0.0,0.0,0.0,0.0,1.0,0.0,0.0,0
-0.1750170614536942,0.23603414260509895,0.4848485554577712,0.8460376691802596,-1.1859053352917943,1.3480759992428557,0.0001853756204077356,1.0,0.0,0.0,0.0,0.0,0.0,0.0,1.0,0.0,0.0,0.0,0.0,0
-0.816201062293396,-0.5398004226377294,-0.6657058719069946,-0.0701136189928391,-0.6253648713435828,-0.6164064977950603,-0.3268172187789122,0.0,0.0,0.0,0.0,1.0,0.0,0.0,0.0,0.0,0.0,1.0,0.0,0
-0.30325386162163454,-0.45230674902902035,-0.33697603551706157,-0.0701136189928391,-0.6253648713435828,-0.05512578435565574,1.853200077216554,1.0,0.0,0.0,0.0,1.0,0.0,0.0,0.0,0.0,0.0,1.0,0.0,0
1.1073509402257093,-0.4858424077095083,-0.5013409537120281,-0.0701136189928391,-0.3450946393694771,-0.335766141075358,1.3081957532176876,0.0,0.0,1.0,0.0,0.0,0.0,0.0,0.0,0.0,0.0,1.0,0.0,1
-1.0726746626292767,-0.8257134101059925,-0.6657058719069946,-0.9862649071659377,-0.9056351033176886,-0.6164064977950603,-0.9808224075775521,1.0,0.0,0.0,0.0,0.0,0.0,1.0,0.0,0.0,1.0,0.0,0.0,0
-0.4314906617895749,-0.5043300144179825,-0.6657058719069946,-0.0701136189928391,-0.6253648713435828,-0.6164064977950603,0.10918624042018105,0.0,0.0,0.0,0.0,0.0,0.0,0.0,1.0,0.0,0.0,1.0,0.0,0
-1.3291482629651574,-0.913852000227788,-0.9944357082969277,-0.9862649071659377,-1.1859053352917943,-0.8970468545147626,-1.1988241371770987,0.0,0.0,1.0,0.0,0.0,0.0,0.0,0.0,0.0,1.0,0.0,0.0,1
-0.5597274619575152,-0.854304708852819,-0.008246199127128446,-0.9862649071659377,0.7759862885269458,0.7867952858034511,-1.1988241371770987,0.0,0.0,1.0,0.0,0.0,0.0,0.0,0.0,0.0,1.0,0.0,0.0,0
-0.5597274619575152,-0.5288368419152621,-0.008246199127128446,-0.9862649071659377,-0.6253648713435828,0.7867952858034511,-0.6538198131782321,0.0,0.0,0.0,0.0,0.0,0.0,1.0,0.0,0.0,0.0,1.0,0.0,1
-0.1750170614536942,1.0103639026507258,-0.33697603551706157,0.8460376691802596,-0.6253648713435828,-1.177687211234465,-0.5448189483784588,0.0,0.0,0.0,1.0,0.0,0.0,0.0,0.0,0.0,0.0,0.0,1.0,0
-0.4314906617895749,-0.1782172309673395,-0.33697603551706157,-0.0701136189928391,-0.06482440739537135,-0.335766141075358,0.32718797001972766,0.0,0.0,0.0,0.0,0.0,0.0,0.0,1.0,0.0,0.0,0.0,0.0,0
-1.200911462797217,-0.8968691987165153,-0.8300707901019612,-0.9862649071659377,-0.6253648713435828,-0.6164064977950603,2.289203536415647,0.0,0.0,0.0,0.0,0.0,0.0,1.0,0.0,0.0,1.0,0.0,0.0,0
0.594403739553948,2.0310517706953224,-0.9944357082969277,1.7621889573533582,-1.1859053352917943,-1.177687211234465,0.5451896996192743,0.0,0.0,0.0,0.0,0.0,1.0,0.0,0.0,0.0,0.0,0.0,1.0,0
-1.200911462797217,-0.8173294954358706,-0.8300707901019612,-0.9862649071659377,-0.6253648713435828,-0.6164064977950603,-0.3268172187789122,0.0,1.0,0.0,0.0,0.0,0.0,0.0,0.0,0.0,1.0,0.0,0.0,1
0.4661669393860076,0.9267397281205346,0.8135783918477043,0.8460376691802596,1.8970672164233688,1.9093567126822604,0.32718797001972766,0.0,0.0,0.0,0.0,0.0,0.0,0.0,1.0,0.0,0.0,0.0,1.0,0
-0.6879642621254556,-0.11071596926430594,-0.8300707901019612,-0.0701136189928391,-0.6253648713435828,-0.6164064977950603,-0.3268172187789122,0.0,0.0,0.0,0.0,0.0,0.0,0.0,1.0,0.0,0.0,0.0,0.0,0
-1.0726746626292767,-0.8250684935929062,-0.6657058719069946,-0.9862649071659377,-0.6253648713435828,-0.6164064977950603,-0.9808224075775521,0.0,1.0,0.0,0.0,0.0,0.0,0.0,0.0,0.0,1.0,0.0,0.0,0
1.36382454056159,1.4959860370047158,2.45722757379737,1.7621889573533582,-0.3450946393694771,1.9093567126822604,0.32718797001972766,0.0,0.0,0.0,0.0,0.0,0.0,0.0,0.0,0.0,0.0,0.0,1.0,0
0.2096933390501269,-0.28290867825835014,0.9779433100426709,-0.0701136189928391,2.1773374483974743,1.3480759992428557,-0.5448189483784588,1.0,0.0,0.0,0.0,0.0,0.0,0.0,1.0,0.0,0.0,0.0,0.0,0
1.2355877403936497,1.9042181897883486,-0.6657058719069946,1.7621889573533582,-0.6253648713435828,-0.6164064977950603,1.1991948884179142,0.0,0.0,0.0,1.0,0.0,0.0,0.0,0.0,0.0,0.0,0.0,1.0,0
0.7226405397218884,-0.40952728699429525,1.306673146432604,-0.0701136189928391,0.7759862885269458,2.470637426121665,-0.10881548917936558,0.0,0.0,0.0,0.0,0.0,0.0,0.0,1.0,0.0,0.0,1.0,0.0,0
-0.04678026128575383,-0.27495470793028565,-0.33697603551706157,-0.0701136189928391,-0.3450946393694771,-0.6164064977950603,0.5451896996192743,0.0,0.0,0.0,0.0,1.0,0.0,0.0,0.0,0.0,0.0,0.0,0.0,0
-1.0726746626292767,-0.895149421348285,-0.9944357082969277,-0.9862649071659377,-1.1859053352917943,-1.177687211234465,2.289203536415647,1.0,0.0,1.0,0.0,0.0,0.0,0.0,0.0,0.0,1.0,0.0,0.0,1
-0.6879642621254556,-0.0012951342106623611,-0.6657058719069946,-0.0701136189928391,-0.6253648713435828,-0.6164064977950603,-0.3268172187789122,0.0,0.0,0.0,0.0,0.0,0.0,0.0,1.0,0.0,0.0,0.0,0.0,0
0.4661669393860076,-0.5499041146760816,1.306673146432604,-0.0701136189928391,1.6167969844492631,2.470637426121665,-0.3268172187789122,0.0,0.0,1.0,0.0,0.0,0.0,0.0,0.0,0.0,0.0,1.0,0.0,0
0.08145653888218654,-0.8087306085947198,-0.33697603551706157,-0.9862649071659377,-0.3450946393694771,-1.177687211234465,0.436188834819501,0.0,0.0,0.0,0.0,0.0,0.0,1.0,0.0,0.0,1.0,0.0,0.0,0
-0.9444378624613363,-0.6530907567698908,-0.6657058719069946,-0.9862649071659377,-0.6253648713435828,-0.6164064977950603,-0.2178163539791389,1.0,0.0,0.0,0.0,0.0,0.0,1.0,0.0,0.0,0.0,1.0,0.0,0
-0.04678026128575383,-0.16531890070561334,0.4848485554577712,-0.0701136189928391,1.0562565205010517,1.3480759992428557,-0.7628206779780055,0.0,0.0,0.0,0.0,0.0,0.0,1.0,0.0,0.0,0.0,0.0,0.0,0
-0.4314906617895749,-0.6376127604558195,-0.008246199127128446,-0.9862649071659377,0.7759862885269458,0.7867952858034511,-1.1988241371770987,0.0,0.0,1.0,0.0,0.0,0.0,0.0,0.0,0.0,0.0,1.0,0.0,0
-0.04678026128575383,-0.86634315043043,-0.008246199127128446,-0.9862649071659377,0.2154458245787344,0.7867952858034511,-0.8718215427777788,0.0,0.0,0.0,0.0,0.0,0.0,1.0,0.0,0.0,1.0,0.0,0.0,0
-0.1750170614536942,-0.6810371390036308,0.4848485554577712,-0.9862649071659377,0.4957160565528401,1.0674356425231535,0.436188834819501,0.0,0.0,0.0,0.0,0.0,0.0,1.0,0.0,0.0,0.0,1.0,0.0,0
0.9791141400577691,-0.8345272691181721,-0.33697603551706157,-0.9862649071659377,-0.6253648713435828,-0.05512578435565574,1.9622009420163273,0.0,0.0,0.0,0.0,0.0,0.0,1.0,0.0,0.0,1.0,0.0,0.0,0
1.6202981408974708,2.764966762587541,-0.5013409537120281,2.678340245526457,-0.6253648713435828,-0.6164064977950603,1.853200077216554,0.0,0.0,0.0,0.0,0.0,1.0,0.0,0.0,0.0,0.0,0.0,1.0,0
1.2355877403936497,1.3323922148518224,2.2928626556024034,1.7621889573533582,0.4957160565528401,1.0674356425231535,0.21818710521995435,0.0,0.0,0.0,0.0,1.0,0.0,0.0,0.0,0.0,0.0,0.0,1.0,0
-0.5597274619575152,-0.6066567678276766,-0.8300707901019612,-0.9862649071659377,-0.6253648713435828,-0.6164064977950603,-0.6538198131782321,1.0,0.0,1.0,0.0,0.0,0.0,0.0,0.0,0.0,0.0,1.0,0.0,1
-0.30325386162163454,0.28698254713891724,0.1561187190678381,0.8460376691802596,0.7759862885269458,0.7867952858034511,0.7631914292188209,1.0,0.0,0.0,0.0,0.0,0.0,0.0,0.0,0.0,0.0,0.0,0.0,0
0.594403739553948,0.812804477475287,1.4710380646275707,0.8460376691802596,0.7759862885269458,0.7867952858034511,-0.10881548917936558,1.0,0.0,0.0,0.0,0.0,0.0,0.0,1.0,0.0,0.0,0.0,1.0,1
-0.1750170614536942,-0.7337053209056793,0.4848485554577712,-0.9862649071659377,1.0562565205010517,1.0674356425231535,-0.8718215427777788,0.0,0.0,1.0,0.0,0.0,0.0,0.0,0.0,0.0,0.0,1.0,0.0,0
0.08145653888218654,0.3536239201578357,0.32048363726280465,0.8460376691802596,0.7759862885269458,0.7867952858034511,0.436188834819501,1.0,0.0,0.0,0.0,0.0,0.0,0.0,1.0,0.0,0.0,0.0,0.0,0
0.8508773398898287,-0.20788339056930966,0.4848485554577712,-0.0701136189928391,1.3365267524751574,1.3480759992428557,1.6351983476170073,1.0,0.0,0.0,0.0,0.0,0.0,1.0,0.0,0.0,0.0,0.0,0.0,0
-0.6879642621254556,-0.9708196255504119,-0.5013409537120281,-0.9862649071659377,-0.6253648713435828,-0.335766141075358,-0.9808224075775521,1.0,0.0,1.0,0.0,0.0,0.0,0.0,0.0,0.0,1.0,0.0,0.0,1
0.4661669393860076,-0.9729693472606995,-0.33697603551706157,-0.9862649071659377,-0.06482440739537135,-1.177687211234465,0.32718797001972766,0.0,0.0,1.0,0.0,0.0,0.0,0.0,0.0,0.0,1.0,0.0,0.0,1
2.133245341569232,0.2349592817499551,2.2928626556024034,0.8460376691802596,3.2984183762938972,1.3480759992428557,2.3982044012154207,0.0,0.0,0.0,0.0,0.0,0.0,0.0,1.0,0.0,0.0,0.0,0.0,0
-0.4314906617895749,-0.8362470464864022,-0.8300707901019612,-0.9862649071659377,-0.6253648713435828,-0.6164064977950603,0.8721922940185942,0.0,0.0,0.0,0.0,0.0,0.0,1.0,0.0,0.0,1.0,0.0,0.0,0
0.2096933390501269,-0.911057362004414,-0.008246199127128446,-0.0701136189928391,0.7759862885269458,0.22551457236404657,1.7441992124167807,1.0,0.0,0.0,0.0,0.0,0.0,0.0,0.0,1.0,1.0,0.0,0.0,0
2.133245341569232,0.7635758503096988,-0.008246199127128446,0.8460376691802596,0.7759862885269458,-0.335766141075358,0.9811931588183676,0.0,0.0,0.0,0.0,0.0,0.0,0.0,1.0,0.0,0.0,0.0,1.0,1
-0.1750170614536942,-0.9310497739100896,-0.008246199127128446,-0.9862649071659377,0.7759862885269458,0.7867952858034511,0.32718797001972766,1.0,0.0,1.0,0.0,0.0,0.0,0.0,0.0,0.0,1.0,0.0,0.0,0
-0.30325386162163454,2.123489804237693,-0.6657058719069946,1.7621889573533582,-0.6253648713435828,-1.177687211234465,-0.6538198131782321,0.0,0.0,0.0,0.0,0.0,1.0,0.0,0.0,0.0,0.0,0.0,1.0,0
1.4920613407295304,1.5007154247673486,2.1284977374074368,1.7621889573533582,-0.06482440739537135,1.0674356425231535,0.5451896996192743,0.0,0.0,0.0,0.0,0.0,0.0,0.0,1.0,0.0,0.0,0.0,1.0,0
0.08145653888218654,-0.2846284556265803,0.6492134736527377,-0.0701136189928391,0.7759862885269458,1.3480759992428557,2.507205266015194,1.0,0.0,0.0,0.0,0.0,0.0,0.0,1.0,0.0,0.0,0.0,0.0,0
-0.6879642621254556,0.19626429096477663,-0.5013409537120281,-0.0701136189928391,-0.3450946393694771,-0.6164064977950603,0.32718797001972766,1.0,0.0,0.0,0.0,0.0,0.0,0.0,1.0,0.0,0.0,0.0,0.0,0
-1.3291482629651574,-1.0879794587610911,-0.9944357082969277,-0.9862649071659377,-1.1859053352917943,-1.177687211234465,-1.9618301907755118,0.0,0.0,1.0,0.0,0.0,0.0,0.0,0.0,0.0,1.0,0.0,0.0,0
-1.0726746626292767,-0.7863735028077278,-0.6657058719069946,-0.9862649071659377,-0.6253648713435828,-0.6164064977950603,-1.1988241371770987,0.0,0.0,0.0,0.0,0.0,0.0,1.0,0.0,0.0,1.0,0.0,0.0,0
-0.30325386162163454,-0.45080194383181893,0.32048363726280465,-0.0701136189928391,0.7759862885269458,1.0674356425231535,0.8721922940185942,0.0,0.0,1.0,0.0,0.0,0.0,0.0,0.0,0.0,0.0,1.0,0.0,0
1.1073509402257093,-0.7143578255130901,2.1284977374074368,-0.9862649071659377,1.0562565205010517,1.0674356425231535,1.4171966180174609,1.0,0.0,1.0,0.0,0.0,0.0,0.0,0.0,0.0,0.0,1.0,0.0,0
-0.5597274619575152,-0.16746862241590102,-0.33697603551706157,-0.0701136189928391,-0.3450946393694771,-1.177687211234465,-0.8718215427777788,0.0,0.0,0.0,0.0,0.0,0.0,0.0,1.0,0.0,0.0,0.0,0.0,1
-0.30325386162163454,-0.18982572820289303,0.1561187190678381,-0.0701136189928391,-0.3450946393694771,0.7867952858034511,-0.9808224075775521,0.0,0.0,0.0,0.0,0.0,0.0,0.0,0.0,0.0,0.0,0.0,0.0,0
0.594403739553948,-0.45617624810753815,-0.9944357082969277,-0.0701136189928391,-0.9056351033176886,-1.177687211234465,0.32718797001972766,1.0,0.0,0.0,0.0,0.0,0.0,1.0,0.0,0.0,0.0,1.0,0.0,0
-0.816201062293396,-0.905468085557666,-0.6657058719069946,-0.9862649071659377,-1.1859053352917943,-0.6164064977950603,-0.5448189483784588,0.0,0.0,1.0,0.0,0.0,0.0,0.0,0.0,0.0,1.0,0.0,0.0,0
0.33793013921806725,1.1522455355297136,-0.172611117322095,0.8460376691802596,-0.06482440739537135,-0.05512578435565574,2.3982044012154207,1.0,0.0,0.0,1.0,0.0,0.0,0.0,0.0,0.0,0.0,0.0,1.0,0
-0.4314906617895749,0.673932454990702,-0.9944357082969277,-0.0701136189928391,-1.1859053352917943,-1.177687211234465,-0.5448189483784588,0.0,0.0,0.0,0.0,1.0,0.0,0.0,0.0,0.0,0.0,0.0,1.0,0
-0.4314906617895749,0.398123159560791,-0.008246199127128446,-0.0701136189928391,0.7759862885269458,0.22551457236404657,0.32718797001972766,0.0,0.0,0.0,0.0,0.0,0.0,0.0,1.0,0.0,0.0,0.0,1.0,0
-0.04678026128575383,-0.7500432059038658,0.32048363726280465,-0.0701136189928391,1.0562565205010517,0.7867952858034511,-0.4358180835786855,0.0,0.0,0.0,0.0,0.0,0.0,1.0,0.0,0.0,0.0,1.0,0.0,0
-0.1750170614536942,0.7386390784703615,0.4848485554577712,0.8460376691802596,-0.3450946393694771,0.7867952858034511,-0.10881548917936558,0.0,0.0,0.0,0.0,0.0,0.0,0.0,1.0,0.0,0.0,0.0,1.0,0
-1.3291482629651574,-0.8581742079313367,-0.9944357082969277,-0.9862649071659377,-0.9056351033176886,-1.177687211234465,-1.9618301907755118,0.0,0.0,0.0,0.0,0.0,0.0,1.0,0.0,0.0,1.0,0.0,0.0,0
-0.4314906617895749,-0.56065272322752,0.1561187190678381,-0.9862649071659377,-0.06482440739537135,0.7867952858034511,0.0001853756204077356,0.0,0.0,0.0,0.0,0.0,0.0,1.0,0.0,0.0,0.0,1.0,0.0,0
1.2355877403936497,2.2741852961288607,1.9641328192124703,1.7621889573533582,1.3365267524751574,-0.6164064977950603,0.21818710521995435,1.0,0.0,0.0,1.0,0.0,0.0,0.0,0.0,0.0,0.0,0.0,1.0,0
0.08145653888218654,1.1466562590829656,0.4848485554577712,0.8460376691802596,0.4957160565528401,1.0674356425231535,-0.4358180835786855,0.0,0.0,0.0,1.0,0.0,0.0,0.0,0.0,0.0,0.0,0.0,1.0,0
-0.4314906617895749,-0.3794311830502675,-0.6657058719069946,-0.0701136189928391,-0.6253648713435828,-0.6164064977950603,-0.7628206779780055,0.0,0.0,0.0,0.0,0.0,0.0,0.0,1.0,0.0,0.0,1.0,0.0,0
-1.3291482629651574,-1.1357032807294778,-0.9944357082969277,-0.9862649071659377,-1.1859053352917943,-1.177687211234465,-0.6538198131782321,0.0,0.0,0.0,0.0,0.0,0.0,1.0,0.0,0.0,1.0,0.0,0.0,1
-0.816201062293396,-0.975334041142016,-0.33697603551706157,-0.9862649071659377,-0.3450946393694771,-0.335766141075358,-1.1988241371770987,0.0,0.0,0.0,0.0,0.0,0.0,1.0,0.0,0.0,1.0,0.0,0.0,0
1.1073509402257093,-0.9766238741681886,-0.33697603551706157,-0.9862649071659377,-0.3450946393694771,-0.6164064977950603,0.32718797001972766,0.0,0.0,0.0,0.0,0.0,0.0,1.0,0.0,0.0,1.0,0.0,0.0,0
-0.30325386162163454,0.3147139572016285,-0.6657058719069946,0.8460376691802596,-0.6253648713435828,-0.6164064977950603,-0.10881548917936558,0.0,0.0,0.0,0.0,0.0,0.0,0.0,0.0,0.0,0.0,0.0,0.0,0
-0.816201062293396,-0.342670941804348,-0.5013409537120281,-0.0701136189928391,-0.3450946393694771,-0.8970468545147626,-1.307825001976872,0.0,0.0,0.0,0.0,0.0,0.0,0.0,1.0,0.0,0.0,0.0,0.0,0
-0.1750170614536942,-0.25109279694609227,-0.33697603551706157,-0.0701136189928391,-0.3450946393694771,-0.335766141075358,-0.4358180835786855,0.0,0.0,0.0,0.0,0.0,0.0,0.0,1.0,0.0,0.0,0.0,0.0,0
0.33793013921806725,2.37737193822267,1.1423082282376373,1.7621889573533582,1.6167969844492631,1.9093567126822604,0.6541905644190477,0.0,0.0,0.0,0.0,0.0,1.0,0.0,0.0,0.0,0.0,0.0,1.0,0
1.1073509402257093,1.4951261483206006,1.7997679010175038,0.8460376691802596,0.7759862885269458,2.470637426121665,0.32718797001972766,0.0,0.0,0.0,0.0,0.0,1.0,0.0,0.0,0.0,0.0,0.0,1.0,0
-0.1750170614536942,-0.46413021843560265,0.4848485554577712,-0.0701136189928391,0.7759862885269458,0.22551457236404657,0.8721922940185942,0.0,0.0,0.0,0.0,0.0,0.0,0.0,1.0,0.0,0.0,1.0,0.0,0
-0.6879642621254556,-0.39490917936433895,-0.5013409537120281,-0.0701136189928391,-0.6253648713435828,-0.6164064977950603,-0.5448189483784588,0.0,0.0,0.0,0.0,0.0,0.0,0.0,1.0,0.0,0.0,1.0,0.0,1
-0.1750170614536942,0.4462769258712353,0.4848485554577712,-0.0701136189928391,0.7759862885269458,-0.05512578435565574,-0.8718215427777788,0.0,0.0,0.0,0.0,0.0,0.0,0.0,1.0,0.0,0.0,0.0,1.0,0
-0.5597274619575152,-0.763801424849707,-0.172611117322095,-0.9862649071659377,-0.6253648713435828,-0.6164064977950603,0.10918624042018105,1.0,1.0,0.0,0.0,0.0,0.0,0.0,0.0,0.0,0.0,1.0,0.0,0
-1.3291482629651574,-0.9316946904231759,-0.9944357082969277,-0.9862649071659377,-1.1859053352917943,-1.177687211234465,-1.4168258667766453,0.0,0.0,1.0,0.0,0.0,0.0,0.0,0.0,0.0,1.0,0.0,0.0,1
-0.6879642621254556,-0.17198303800750517,-0.172611117322095,-0.0701136189928391,-0.06482440739537135,-0.335766141075358,-1.307825001976872,1.0,0.0,0.0,0.0,0.0,0.0,0.0,1.0,0.0,0.0,0.0,0.0,1
-0.1750170614536942,-0.26872051497045135,-0.008246199127128446,-0.0701136189928391,-1.1859053352917943,0.7867952858034511,-0.7628206779780055,0.0,0.0,0.0,0.0,0.0,0.0,0.0,0.0,0.0,0.0,0.0,0.0,0
-0.1750170614536942,-0.31085506049209016,0.4848485554577712,-0.0701136189928391,0.7759862885269458,1.0674356425231535,-0.2178163539791389,0.0,0.0,0.0,0.0,0.0,0.0,1.0,0.0,0.0,0.0,0.0,0.0,0
0.08145653888218654,-0.29752678588830644,0.32048363726280465,-0.0701136189928391,0.7759862885269458,-0.335766141075358,1.9622009420163273,0.0,0.0,0.0,0.0,0.0,0.0,0.0,1.0,0.0,0.0,0.0,0.0,1
-0.30325386162163454,0.5427994306631527,0.32048363726280465,0.8460376691802596,1.0562565205010517,1.0674356425231535,-0.2178163539791389,0.0,0.0,0.0,0.0,0.0,0.0,0.0,1.0,0.0,0.0,0.0,1.0,0
-1.3291482629651574,-0.7938975287937348,-0.9944357082969277,-0.9862649071659377,-1.1859053352917943,-1.177687211234465,-0.4358180835786855,1.0,0.0,0.0,0.0,0.0,0.0,0.0,0.0,1.0,1.0,0.0,0.0,1
0.33793013921806725,-0.03354095986497775,-1.1588006264918942,-0.0701136189928391,-1.1859053352917943,-1.177687211234465,-0.4358180835786855,1.0,0.0,0.0,0.0,0.0,0.0,0.0,0.0,0.0,0.0,0.0,0.0,0
0.4661669393860076,0.8087200062257404,0.9779433100426709,0.8460376691802596,2.1773374483974743,-1.177687211234465,-0.2178163539791389,0.0,0.0,0.0,0.0,0.0,0.0,0.0,1.0,0.0,0.0,0.0,1.0,1
-0.1750170614536942,-0.5415202000059596,0.1561187190678381,-0.9862649071659377,0.7759862885269458,0.7867952858034511,-0.5448189483784588,0.0,0.0,1.0,0.0,0.0,0.0,0.0,0.0,0.0,0.0,1.0,0.0,0
1.6202981408974708,0.8616031602988176,-0.172611117322095,0.8460376691802596,-1.1859053352917943,-0.05512578435565574,2.289203536415647,1.0,0.0,0.0,0.0,0.0,0.0,0.0,0.0,0.0,0.0,0.0,1.0,0
-1.0726746626292767,-0.9013836143081194,-0.8300707901019612,-0.9862649071659377,-0.6253648713435828,-1.177687211234465,-0.3268172187789122,0.0,0.0,0.0,0.0,0.0,0.0,0.0,0.0,1.0,1.0,0.0,0.0,1
-0.5597274619575152,-0.6371828161137619,-0.5013409537120281,-0.9862649071659377,-0.6253648713435828,-0.6164064977950603,1.3081957532176876,0.0,0.0,0.0,0.0,0.0,0.0,1.0,0.0,0.0,0.0,1.0,0.0,0
1.36382454056159,1.5970229573882373,0.8135783918477043,1.7621889573533582,1.8970672164233688,0.22551457236404657,1.4171966180174609,1.0,0.0,0.0,0.0,1.0,0.0,0.0,0.0,0.0,0.0,0.0,1.0,0
-0.1750170614536942,-0.09158344604274546,0.4848485554577712,-0.0701136189928391,1.3365267524751574,-0.6164064977950603,-0.7628206779780055,0.0,0.0,0.0,0.0,0.0,0.0,0.0,1.0,0.0,0.0,0.0,0.0,0
-0.5597274619575152,-0.4344640588336325,-0.172611117322095,-0.0701136189928391,0.2154458245787344,-0.05512578435565574,0.5451896996192743,0.0,0.0,0.0,0.0,0.0,0.0,0.0,0.0,0.0,0.0,1.0,0.0,0
2.005008541401292,1.380331008991238,-0.6657058719069946,1.7621889573533582,-0.6253648713435828,-0.6164064977950603,1.7441992124167807,1.0,0.0,0.0,0.0,1.0,0.0,0.0,0.0,0.0,0.0,0.0,1.0,0
-0.30325386162163454,0.6816714531477377,-0.008246199127128446,-0.0701136189928391,0.7759862885269458,0.7867952858034511,-0.8718215427777788,0.0,0.0,0.0,0.0,0.0,0.0,0.0,0.0,0.0,0.0,0.0,1.0,0
-0.816201062293396,-0.8656982339173437,-0.33697603551706157,-0.9862649071659377,-0.3450946393694771,-0.335766141075358,-1.0898232723773253,0.0,0.0,0.0,0.0,0.0,0.0,1.0,0.0,0.0,1.0,0.0,0.0,0
-0.1750170614536942,-0.2880680103630406,0.4848485554577712,-0.0701136189928391,1.0562565205010517,1.3480759992428557,-0.2178163539791389,1.0,0.0,0.0,0.0,0.0,0.0,0.0,1.0,0.0,0.0,0.0,0.0,0
-1.3291482629651574,-0.8555945418789915,-0.9944357082969277,-0.9862649071659377,-1.1859053352917943,-1.177687211234465,-1.9618301907755118,0.0,1.0,0.0,0.0,0.0,0.0,0.0,0.0,0.0,1.0,0.0,0.0,1
0.33793013921806725,0.8121595609622007,0.6492134736527377,0.8460376691802596,1.6167969844492631,-0.8970468545147626,0.32718797001972766,0.0,0.0,0.0,0.0,0.0,0.0,0.0,0.0,0.0,0.0,0.0,1.0,0
-0.816201062293396,-0.3388014427258301,-0.33697603551706157,-0.0701136189928391,-0.6253648713435828,-0.6164064977950603,-0.2178163539791389,0.0,0.0,0.0,0.0,0.0,0.0,0.0,1.0,0.0,0.0,0.0,0.0,0
0.594403739553948,-0.3274079176613054,-0.5013409537120281,-0.0701136189928391,-0.6253648713435828,-0.6164064977950603,0.9811931588183676,1.0,1.0,0.0,0.0,0.0,0.0,0.0,0.0,0.0,0.0,0.0,0.0,0
0.9791141400577691,-0.4273699771896831,-0.33697603551706157,-0.0701136189928391,-0.06482440739537135,-0.6164064977950603,0.5451896996192743,0.0,0.0,0.0,0.0,0.0,0.0,1.0,0.0,0.0,0.0,1.0,0.0,0
-0.1750170614536942,-0.16639376156075716,0.4848485554577712,-0.0701136189928391,0.7759862885269458,1.3480759992428557,0.8721922940185942,0.0,0.0,0.0,0.0,1.0,0.0,0.0,0.0,0.0,0.0,0.0,0.0,0
-1.200911462797217,-0.8134599963573528,-0.8300707901019612,-0.9862649071659377,-0.6253648713435828,-0.6164064977950603,-0.8718215427777788,0.0,0.0,0.0,0.0,0.0,0.0,0.0,0.0,1.0,1.0,0.0,0.0,1
-0.1750170614536942,-0.7627265639945632,-0.5013409537120281,-0.9862649071659377,-0.3450946393694771,-0.335766141075358,-0.3268172187789122,0.0,0.0,0.0,0.0,0.0,0.0,1.0,0.0,0.0,0.0,1.0,0.0,0
1.7485349410654112,1.5950882078489783,-0.008246199127128446,1.7621889573533582,-0.9056351033176886,0.7867952858034511,1.3081957532176876,1.0,0.0,0.0,0.0,0.0,0.0,0.0,0.0,0.0,0.0,0.0,1.0,0
-0.816201062293396,-0.4910017398141988,-0.33697603551706157,-0.0701136189928391,-0.6253648713435828,-0.335766141075358,-1.4168258667766453,1.0,0.0,0.0,0.0,0.0,0.0,0.0,1.0,0.0,0.0,1.0,0.0,0
-0.9444378624613363,-0.5696815544107283,-0.8300707901019612,-0.9862649071659377,-0.6253648713435828,-0.6164064977950603,-1.634827596376192,0.0,0.0,1.0,0.0,0.0,0.0,0.0,0.0,0.0,0.0,1.0,0.0,1
-1.3291482629651574,-1.132908642506104,-0.9944357082969277,-0.9862649071659377,-1.1859053352917943,-1.177687211234465,-0.7628206779780055,0.0,0.0,0.0,0.0,0.0,0.0,1.0,0.0,0.0,1.0,0.0,0.0,0
1.1073509402257093,-0.4305945597551146,2.1284977374074368,-0.0701136189928391,1.8970672164233688,3.593198853000474,0.7631914292188209,0.0,0.0,0.0,0.0,0.0,0.0,1.0,0.0,0.0,0.0,1.0,0.0,0
-1.3291482629651574,-0.8278631318162802,-0.9944357082969277,-0.9862649071659377,-1.1859053352917943,-1.177687211234465,-0.7628206779780055,0.0,0.0,1.0,0.0,0.0,0.0,0.0,0.0,0.0,1.0,0.0,0.0,0
-0.30325386162163454,0.4690639760002848,0.32048363726280465,0.8460376691802596,1.0562565205010517,0.7867952858034511,-1.0898232723773253,0.0,0.0,0.0,0.0,0.0,0.0,0.0,1.0,0.0,0.0,0.0,1.0,0
-0.1750170614536942,0.007303752630488411,0.4848485554577712,-0.0701136189928391,-0.3450946393694771,-0.05512578435565574,-0.7628206779780055,0.0,0.0,0.0,0.0,0.0,0.0,0.0,1.0,0.0,0.0,0.0,0.0,0
-0.9444378624613363,-0.4142566747569282,-0.5013409537120281,-0.0701136189928391,-0.3450946393694771,-0.6164064977950603,-1.4168258667766453,0.0,0.0,0.0,0.0,0.0,0.0,0.0,0.0,0.0,0.0,1.0,0.0,0
-0.1750170614536942,-0.35814893811841936,0.32048363726280465,-0.0701136189928391,0.7759862885269458,-0.8970468545147626,-0.4358180835786855,1.0,0.0,0.0,0.0,0.0,0.0,0.0,0.0,0.0,0.0,1.0,0.0,0
-0.30325386162163454,-0.8790265085211274,0.1561187190678381,-0.9862649071659377,0.7759862885269458,0.7867952858034511,0.6541905644190477,0.0,0.0,1.0,0.0,0.0,0.0,0.0,0.0,0.0,1.0,0.0,0.0,0
-0.6879642621254556,-0.009464076709755595,-0.6657058719069946,-0.0701136189928391,-0.6253648713435828,-0.6164064977950603,-0.3268172187789122,0.0,0.0,0.0,0.0,0.0,0.0,0.0,1.0,0.0,0.0,0.0,0.0,0
0.33793013921806725,-0.16596381721869963,0.32048363726280465,-0.0701136189928391,0.4957160565528401,1.0674356425231535,0.9811931588183676,1.0,0.0,0.0,0.0,0.0,0.0,0.0,1.0,0.0,0.0,0.0,0.0,0
2.133245341569232,2.4996911035380394,0.1561187190678381,2.678340245526457,-0.3450946393694771,0.7867952858034511,1.4171966180174609,1.0,0.0,0.0,0.0,0.0,1.0,0.0,0.0,0.0,0.0,0.0,1.0,0
0.7226405397218884,0.8738565740474574,1.1423082282376373,0.8460376691802596,-0.9056351033176886,0.7867952858034511,0.0001853756204077356,0.0,0.0,0.0,0.0,0.0,0.0,0.0,1.0,0.0,0.0,0.0,1.0,1
-0.1750170614536942,-0.4277999215317406,0.4848485554577712,-0.0701136189928391,0.7759862885269458,1.3480759992428557,-0.8718215427777788,0.0,0.0,0.0,0.0,0.0,0.0,0.0,1.0,0.0,0.0,1.0,0.0,0
-0.04678026128575383,-0.381795876931584,-0.9944357082969277,-0.0701136189928391,-1.1859053352917943,-1.177687211234465,0.7631914292188209,0.0,0.0,0.0,0.0,0.0,0.0,0.0,1.0,0.0,0.0,1.0,0.0,0
-0.6879642621254556,-0.671578363478365,-0.33697603551706157,-0.9862649071659377,-0.6253648713435828,-0.335766141075358,0.7631914292188209,0.0,0.0,0.0,0.0,0.0,0.0,1.0,0.0,0.0,0.0,1.0,0.0,0
-1.3291482629651574,-1.1314038373089026,-0.9944357082969277,-0.9862649071659377,-1.1859053352917943,-1.177687211234465,-0.2178163539791389,0.0,0.0,1.0,0.0,0.0,0.0,0.0,0.0,0.0,1.0,0.0,0.0,0
2.7744293424089337,0.8508545517473791,-0.33697603551706157,0.8460376691802596,-0.06482440739537135,-0.05512578435565574,1.853200077216554,0.0,0.0,0.0,0.0,1.0,0.0,0.0,0.0,0.0,0.0,0.0,1.0,0
0.4661669393860076,1.2812288381469752,-1.1588006264918942,0.8460376691802596,-1.1859053352917943,-1.177687211234465,1.1991948884179142,0.0,0.0,0.0,1.0,0.0,0.0,0.0,0.0,0.0,0.0,0.0,1.0,0
-0.9444378624613363,-0.515078622969421,-0.5013409537120281,-0.0701136189928391,-0.3450946393694771,-0.335766141075358,-0.6538198131782321,0.0,0.0,0.0,0.0,1.0,0.0,0.0,0.0,0.0,0.0,1.0,0.0,0
0.08145653888218654,-0.1431767670896501,-0.008246199127128446,-0.0701136189928391,-0.9056351033176886,0.22551457236404657,-0.5448189483784588,0.0,0.0,0.0,0.0,0.0,0.0,1.0,0.0,0.0,0.0,0.0,0.0,0
1.1073509402257093,-0.35191474515858506,2.1284977374074368,-0.0701136189928391,3.2984183762938972,0.5061549290837488,0.5451896996192743,0.0,0.0,0.0,0.0,0.0,0.0,0.0,1.0,0.0,0.0,1.0,0.0,0
-1.200911462797217,-0.8457058220116681,-0.8300707901019612,-0.9862649071659377,-0.6253648713435828,-0.6164064977950603,-0.6538198131782321,0.0,0.0,1.0,0.0,0.0,0.0,0.0,0.0,0.0,1.0,0.0,0.0,1
0.8508773398898287,-0.8171145232648418,1.6354029828225372,-0.9862649071659377,2.45760768037158,2.7512777828413673,-0.10881548917936558,0.0,0.0,1.0,0.0,0.0,0.0,0.0,0.0,0.0,1.0,0.0,0.0,1
0.8508773398898287,-0.5236775098105717,-0.008246199127128446,-0.0701136189928391,0.7759862885269458,0.7867952858034511,0.21818710521995435,0.0,0.0,0.0,0.0,0.0,0.0,1.0,0.0,0.0,0.0,1.0,0.0,0
-0.04678026128575383,-0.8990189204268029,0.32048363726280465,-0.9862649071659377,0.7759862885269458,0.7867952858034511,-0.8718215427777788,0.0,0.0,0.0,0.0,0.0,0.0,1.0,0.0,0.0,1.0,0.0,0.0,1
-0.816201062293396,-0.7691757291254263,-0.5013409537120281,-0.9862649071659377,-0.6253648713435828,-1.177687211234465,-1.1988241371770987,0.0,0.0,0.0,0.0,0.0,0.0,0.0,0.0,1.0,0.0,1.0,0.0,0
-0.30325386162163454,-0.26657079326016364,-0.33697603551706157,-0.0701136189928391,-0.6253648713435828,-0.05512578435565574,-0.3268172187789122,1.0,0.0,0.0,0.0,0.0,0.0,0.0,1.0,0.0,0.0,0.0,0.0,1
1.7485349410654112,1.4362237734587178,1.9641328192124703,1.7621889573533582,3.5786886082680027,1.0674356425231535,0.9811931588183676,0.0,0.0,0.0,0.0,0.0,0.0,0.0,1.0,0.0,0.0,0.0,1.0,0
-0.30325386162163454,-0.8762318702977534,-0.172611117322095,-0.9862649071659377,-0.9056351033176886,0.22551457236404657,0.10918624042018105,0.0,0.0,1.0,0.0,0.0,0.0,0.0,0.0,0.0,1.0,0.0,0.0,0
2.517955742073053,1.7601868351990733,-0.008246199127128446,1.7621889573533582,0.7759862885269458,-1.177687211234465,1.9622009420163273,0.0,0.0,0.0,0.0,0.0,1.0,0.0,0.0,0.0,0.0,0.0,1.0,0
-0.30325386162163454,0.287197519309946,0.1561187190678381,0.8460376691802596,0.7759862885269458,0.7867952858034511,0.21818710521995435,0.0,0.0,0.0,0.0,0.0,0.0,0.0,1.0,0.0,0.0,0.0,0.0,0
1.1073509402257093,0.9432925852897499,-0.9944357082969277,0.8460376691802596,-1.1859053352917943,-0.8970468545147626,0.32718797001972766,0.0,0.0,0.0,0.0,0.0,0.0,0.0,1.0,0.0,0.0,0.0,1.0,0
-0.6879642621254556,-0.9271802748315717,-0.5013409537120281,-0.9862649071659377,-0.3450946393694771,-0.6164064977950603,-0.3268172187789122,0.0,0.0,0.0,0.0,0.0,0.0,0.0,0.0,1.0,1.0,0.0,0.0,0
-0.6879642621254556,-0.8594640409575094,-0.8300707901019612,-0.9862649071659377,-0.6253648713435828,-0.8970468545147626,-0.8718215427777788,0.0,0.0,0.0,0.0,0.0,0.0,1.0,0.0,0.0,1.0,0.0,0.0,1
0.33793013921806725,-0.9039632803604646,0.4848485554577712,-0.9862649071659377,1.3365267524751574,1.0674356425231535,2.071201806816101,0.0,0.0,1.0,0.0,0.0,0.0,0.0,0.0,0.0,1.0,0.0,0.0,1
-1.0726746626292767,-0.9190113323324784,-0.8300707901019612,-0.9862649071659377,-0.6253648713435828,-0.6164064977950603,-0.5448189483784588,0.0,0.0,0.0,0.0,0.0,0.0,0.0,0.0,1.0,1.0,0.0,0.0,0
-0.04678026128575383,0.0990968696597729,-0.5013409537120281,0.8460376691802596,-0.3450946393694771,-0.6164064977950603,1.7441992124167807,0.0,0.0,0.0,0.0,0.0,0.0,0.0,0.0,0.0,0.0,0.0,0.0,0
-1.3291482629651574,-1.0626127425796963,-1.1588006264918942,-0.9862649071659377,-1.1859053352917943,-1.177687211234465,-1.5258267315764187,1.0,0.0,1.0,0.0,0.0,0.0,0.0,0.0,0.0,1.0,0.0,0.0,1
0.594403739553948,0.823983030368783,0.9779433100426709,0.8460376691802596,-0.6253648713435828,2.189997069401963,-0.2178163539791389,1.0,0.0,0.0,0.0,0.0,0.0,0.0,1.0,0.0,0.0,0.0,1.0,0
0.9791141400577691,-0.4953011832347742,-0.8300707901019612,-0.0701136189928391,-0.6253648713435828,-0.6164064977950603,1.1991948884179142,0.0,0.0,0.0,0.0,0.0,0.0,0.0,0.0,0.0,0.0,1.0,0.0,0
-0.5597274619575152,-0.3385864705548014,-0.8300707901019612,-0.0701136189928391,-0.6253648713435828,-0.6164064977950603,-1.1988241371770987,0.0,0.0,0.0,0.0,0.0,0.0,0.0,1.0,0.0,0.0,0.0,0.0,1
-0.816201062293396,-0.9351342451596362,-0.6657058719069946,-0.9862649071659377,-0.6253648713435828,-0.6164064977950603,-0.2178163539791389,0.0,0.0,0.0,0.0,0.0,0.0,1.0,0.0,0.0,1.0,0.0,0.0,0
-0.1750170614536942,-0.1838065074140875,0.4848485554577712,-0.0701136189928391,-0.6253648713435828,-0.6164064977950603,-0.2178163539791389,1.0,0.0,0.0,0.0,0.0,0.0,0.0,0.0,0.0,0.0,0.0,0.0,0
-0.4314906617895749,-0.8437710724724092,-1.1588006264918942,-0.9862649071659377,-1.1859053352917943,-1.177687211234465,0.10918624042018105,0.0,0.0,0.0,0.0,0.0,0.0,1.0,0.0,0.0,1.0,0.0,0.0,0
3.287376543080695,2.212273310872575,0.4848485554577712,1.7621889573533582,1.3365267524751574,0.7867952858034511,1.9622009420163273,0.0,0.0,0.0,1.0,0.0,0.0,0.0,0.0,0.0,0.0,0.0,1.0,0
0.7226405397218884,0.6573795978214867,-0.6657058719069946,-0.0701136189928391,-1.1859053352917943,-1.177687211234465,0.0001853756204077356,1.0,0.0,0.0,0.0,0.0,0.0,0.0,1.0,0.0,0.0,0.0,1.0,0
-1.3291482629651574,-1.1743982715146564,-0.9944357082969277,-0.9862649071659377,-1.1859053352917943,-1.177687211234465,-0.7628206779780055,0.0,0.0,0.0,0.0,0.0,0.0,0.0,0.0,1.0,1.0,0.0,0.0,1
2.2614821417371727,2.0987680045693846,2.1284977374074368,1.7621889573533582,0.4957160565528401,3.593198853000474,1.5261974828172342,0.0,0.0,0.0,1.0,0.0,0.0,0.0,0.0,0.0,0.0,0.0,1.0,0
-0.1750170614536942,0.5157129371135277,0.4848485554577712,0.8460376691802596,1.3365267524751574,1.3480759992428557,-0.6538198131782321,0.0,0.0,0.0,0.0,1.0,0.0,0.0,0.0,0.0,0.0,0.0,1.0,0
2.6461925422409935,1.6281939221874089,-0.9944357082969277,1.7621889573533582,-1.1859053352917943,-1.177687211234465,2.180202671615874,0.0,0.0,0.0,1.0,0.0,0.0,0.0,0.0,0.0,0.0,0.0,1.0,0
-0.6879642621254556,-0.04772912315287653,-0.172611117322095,-0.0701136189928391,-0.06482440739537135,0.22551457236404657,-0.5448189483784588,1.0,0.0,0.0,0.0,0.0,0.0,1.0,0.0,0.0,0.0,0.0,0.0,0
-0.6879642621254556,-0.3822258212736415,-0.9944357082969277,-0.9862649071659377,-1.1859053352917943,-1.177687211234465,0.436188834819501,1.0,0.0,1.0,0.0,0.0,0.0,0.0,0.0,0.0,0.0,1.0,0.0,0
-1.3291482629651574,-1.0409005533057907,-0.9944357082969277,-0.9862649071659377,-1.1859053352917943,-1.177687211234465,0.10918624042018105,1.0,0.0,1.0,0.0,0.0,0.0,0.0,0.0,0.0,1.0,0.0,0.0,0
-0.6879642621254556,-0.8521549871425312,-0.5013409537120281,-0.9862649071659377,-0.6253648713435828,-0.6164064977950603,-1.0898232723773253,0.0,0.0,0.0,0.0,0.0,0.0,1.0,0.0,0.0,1.0,0.0,0.0,0
-0.30325386162163454,0.4922809704713919,0.32048363726280465,0.8460376691802596,0.2154458245787344,0.7867952858034511,0.0001853756204077356,0.0,0.0,0.0,0.0,0.0,0.0,0.0,1.0,0.0,0.0,0.0,1.0,0
-0.30325386162163454,-0.23432496760584828,-0.5013409537120281,-0.0701136189928391,-0.3450946393694771,-0.335766141075358,0.7631914292188209,1.0,0.0,0.0,0.0,0.0,0.0,0.0,1.0,0.0,0.0,0.0,0.0,0
-0.1750170614536942,0.7386390784703615,0.4848485554577712,0.8460376691802596,1.3365267524751574,1.0674356425231535,-0.8718215427777788,0.0,0.0,0.0,0.0,1.0,0.0,0.0,0.0,0.0,0.0,0.0,1.0,0
0.594403739553948,-0.4798231869207028,1.306673146432604,-0.0701136189928391,2.45760768037158,1.0674356425231535,-0.2178163539791389,0.0,0.0,0.0,0.0,0.0,0.0,0.0,1.0,0.0,0.0,1.0,0.0,0
-0.1750170614536942,-0.7915328349124182,0.4848485554577712,-0.9862649071659377,-1.1859053352917943,1.0674356425231535,-0.7628206779780055,0.0,0.0,0.0,0.0,0.0,0.0,1.0,0.0,0.0,1.0,0.0,0.0,0
-0.1750170614536942,0.26054097010237864,-0.33697603551706157,0.8460376691802596,-0.06482440739537135,-0.6164064977950603,0.10918624042018105,1.0,0.0,0.0,0.0,1.0,0.0,0.0,0.0,0.0,0.0,0.0,0.0,0
-0.6879642621254556,-0.17843220313836824,-0.172611117322095,-0.0701136189928391,0.2154458245787344,-0.335766141075358,-0.3268172187789122,0.0,0.0,0.0,0.0,0.0,0.0,0.0,1.0,0.0,0.0,0.0,0.0,0
1.2355877403936497,2.5278524579428083,-0.9944357082969277,2.678340245526457,-1.1859053352917943,-1.177687211234465,0.5451896996192743,0.0,0.0,0.0,1.0,0.0,0.0,0.0,0.0,0.0,0.0,0.0,1.0,0
-0.04678026128575383,0.2910670183884639,0.4848485554577712,0.8460376691802596,1.3365267524751574,1.0674356425231535,1.1991948884179142,0.0,0.0,0.0,0.0,1.0,0.0,0.0,0.0,0.0,0.0,0.0,0.0,0
1.1073509402257093,-0.4280148937027694,2.1284977374074368,-0.0701136189928391,0.7759862885269458,1.6287163559625581,0.21818710521995435,0.0,0.0,0.0,0.0,0.0,0.0,0.0,0.0,0.0,0.0,1.0,0.0,0
-0.5597274619575152,0.05588746328299027,-0.008246199127128446,-0.0701136189928391,0.7759862885269458,0.7867952858034511,1.3081957532176876,1.0,0.0,0.0,0.0,1.0,0.0,0.0,0.0,0.0,0.0,0.0,0.0,0
0.594403739553948,1.5149035880552475,-0.9944357082969277,0.8460376691802596,-1.1859053352917943,-1.177687211234465,0.436188834819501,1.0,0.0,0.0,1.0,0.0,0.0,0.0,0.0,0.0,0.0,0.0,1.0,0
0.08145653888218654,-0.042354818877157294,0.6492134736527377,-0.0701136189928391,1.3365267524751574,0.7867952858034511,-0.7628206779780055,1.0,1.0,0.0,0.0,0.0,0.0,0.0,0.0,0.0,0.0,0.0,0.0,0
-0.6879642621254556,-0.6449218142707976,-0.5013409537120281,-0.9862649071659377,-0.6253648713435828,-1.177687211234465,0.32718797001972766,0.0,0.0,0.0,0.0,0.0,0.0,1.0,0.0,0.0,0.0,1.0,0.0,0
-1.3291482629651574,-1.1146360079686586,-0.9944357082969277,-0.9862649071659377,-1.1859053352917943,-1.177687211234465,-0.6538198131782321,0.0,0.0,0.0,0.0,0.0,0.0,0.0,0.0,1.0,1.0,0.0,0.0,1
-0.1750170614536942,-0.12017474478957178,-0.8300707901019612,-0.0701136189928391,-0.6253648713435828,-0.6164064977950603,0.7631914292188209,0.0,1.0,0.0,0.0,0.0,0.0,0.0,0.0,0.0,0.0,0.0,0.0,0
-0.4314906617895749,-0.8624736513519121,-0.5013409537120281,-0.9862649071659377,-0.3450946393694771,-0.335766141075358,-0.8718215427777788,0.0,0.0,1.0,0.0,0.0,0.0,0.0,0.0,0.0,1.0,0.0,0.0,0
-0.1750170614536942,-0.26291626635267457,0.1561187190678381,-0.0701136189928391,-0.3450946393694771,0.7867952858034511,0.10918624042018105,0.0,0.0,0.0,0.0,1.0,0.0,0.0,0.0,0.0,0.0,0.0,0.0,0
-0.1750170614536942,-0.5247523706657156,0.32048363726280465,-0.0701136189928391,-0.3450946393694771,0.7867952858034511,0.436188834819501,0.0,0.0,0.0,0.0,0.0,0.0,0.0,1.0,0.0,0.0,1.0,0.0,0
-0.30325386162163454,-0.5389405339536143,0.32048363726280465,-0.0701136189928391,1.0562565205010517,1.0674356425231535,-0.4358180835786855,0.0,0.0,0.0,0.0,0.0,0.0,0.0,1.0,0.0,0.0,1.0,0.0,0
1.4920613407295304,2.6882216975302704,2.45722757379737,2.678340245526457,0.7759862885269458,1.6287163559625581,0.7631914292188209,1.0,0.0,0.0,0.0,0.0,1.0,0.0,0.0,0.0,0.0,0.0,1.0,0
-0.1750170614536942,1.1111858508632186,0.1561187190678381,0.8460376691802596,0.7759862885269458,0.22551457236404657,-0.10881548917936558,0.0,0.0,0.0,0.0,0.0,1.0,0.0,0.0,0.0,0.0,0.0,1.0,0
-0.6879642621254556,-0.05804778736225746,-0.172611117322095,-0.0701136189928391,0.2154458245787344,-0.05512578435565574,-0.3268172187789122,0.0,0.0,0.0,0.0,0.0,0.0,0.0,1.0,0.0,0.0,0.0,0.0,0
1.36382454056159,2.666294536085336,-0.8300707901019612,2.678340245526457,-0.6253648713435828,-0.8970468545147626,0.9811931588183676,0.0,0.0,0.0,1.0,0.0,0.0,0.0,0.0,0.0,0.0,0.0,1.0,0
-0.6879642621254556,-0.9144969167408743,-1.1588006264918942,-0.9862649071659377,-1.1859053352917943,-1.177687211234465,0.7631914292188209,0.0,0.0,0.0,0.0,0.0,0.0,1.0,0.0,0.0,1.0,0.0,0.0,0
0.4661669393860076,-0.515078622969421,1.1423082282376373,-0.0701136189928391,1.8970672164233688,1.3480759992428557,-0.2178163539791389,0.0,0.0,0.0,0.0,0.0,0.0,0.0,0.0,0.0,0.0,1.0,0.0,0
-1.3291482629651574,-0.90826272378104,-0.9944357082969277,-0.9862649071659377,-1.1859053352917943,-1.177687211234465,-0.8718215427777788,1.0,0.0,1.0,0.0,0.0,0.0,0.0,0.0,0.0,1.0,0.0,0.0,1
-0.1750170614536942,0.23237961569760984,0.32048363726280465,-0.0701136189928391,0.7759862885269458,1.0674356425231535,0.10918624042018105,0.0,0.0,0.0,0.0,0.0,0.0,0.0,0.0,0.0,0.0,0.0,0.0,0
-0.816201062293396,-0.45015702731873264,-0.5013409537120281,-0.0701136189928391,-0.6253648713435828,-0.335766141075358,1.7441992124167807,0.0,0.0,0.0,0.0,1.0,0.0,0.0,0.0,0.0,0.0,1.0,0.0,0
2.133245341569232,2.7086440537780034,0.4848485554577712,2.678340245526457,-0.06482440739537135,0.5061549290837488,1.4171966180174609,0.0,0.0,0.0,0.0,0.0,1.0,0.0,0.0,0.0,0.0,0.0,1.0,0
-0.1750170614536942,-0.7676709239282249,-0.33697603551706157,-0.9862649071659377,-0.06482440739537135,-1.177687211234465,0.0001853756204077356,0.0,0.0,0.0,0.0,0.0,0.0,0.0,0.0,1.0,0.0,1.0,0.0,0
-0.1750170614536942,-0.501105431852551,0.4848485554577712,-0.0701136189928391,-0.3450946393694771,1.0674356425231535,0.0001853756204077356,0.0,0.0,0.0,0.0,1.0,0.0,0.0,0.0,0.0,0.0,1.0,0.0,1
-0.1750170614536942,-0.1717680658364764,-0.8300707901019612,-0.0701136189928391,-0.6253648713435828,-0.6164064977950603,0.10918624042018105,0.0,0.0,0.0,0.0,0.0,0.0,0.0,0.0,0.0,0.0,0.0,0.0,0
-1.3291482629651574,-1.0707816850787897,-0.9944357082969277,-0.9862649071659377,-1.1859053352917943,-1.177687211234465,-0.9808224075775521,0.0,0.0,0.0,0.0,0.0,0.0,1.0,0.0,0.0,1.0,0.0,0.0,0
1.4920613407295304,0.9527513608150158,-0.6657058719069946,0.8460376691802596,-0.6253648713435828,-0.6164064977950603,1.9622009420163273,0.0,0.0,0.0,0.0,1.0,0.0,0.0,0.0,0.0,0.0,0.0,1.0,0
1.1073509402257093,0.4899162765900755,1.9641328192124703,0.8460376691802596,1.3365267524751574,1.3480759992428557,0.10918624042018105,0.0,0.0,0.0,0.0,0.0,0.0,0.0,0.0,0.0,0.0,0.0,1.0,0
1.8767717412333516,2.639852959048797,2.785957410187303,2.678340245526457,1.6167969844492631,1.9093567126822604,0.8721922940185942,1.0,0.0,0.0,1.0,0.0,0.0,0.0,0.0,0.0,0.0,0.0,1.0,1
-1.200911462797217,-0.7713254508357139,-0.9944357082969277,-0.9862649071659377,-1.1859053352917943,-1.177687211234465,-0.6538198131782321,0.0,1.0,0.0,0.0,0.0,0.0,0.0,0.0,0.0,0.0,1.0,0.0,1
-0.6879642621254556,-0.8381817960256612,-0.33697603551706157,-0.9862649071659377,-0.3450946393694771,-0.05512578435565574,0.6541905644190477,0.0,0.0,0.0,0.0,0.0,0.0,1.0,0.0,0.0,1.0,0.0,0.0,0
1.36382454056159,2.20969364482023,1.9641328192124703,1.7621889573533582,0.7759862885269458,3.3125584962807717,0.32718797001972766,0.0,0.0,0.0,1.0,0.0,0.0,0.0,0.0,0.0,0.0,0.0,1.0,0
-0.6879642621254556,0.007088780459459641,-0.33697603551706157,-0.0701136189928391,-0.06482440739537135,-0.05512578435565574,-0.7628206779780055,0.0,0.0,0.0,0.0,0.0,0.0,0.0,1.0,0.0,0.0,0.0,0.0,0
-0.816201062293396,-0.39125465245684987,-0.33697603551706157,-0.0701136189928391,-0.3450946393694771,-0.05512578435565574,-0.9808224075775521,0.0,0.0,0.0,0.0,0.0,0.0,0.0,1.0,0.0,0.0,1.0,0.0,0
-1.4573850631330978,-1.0694918520526169,-1.1588006264918942,-0.9862649071659377,-1.1859053352917943,-1.177687211234465,-2.0708310555752854,1.0,0.0,0.0,0.0,0.0,0.0,0.0,0.0,1.0,1.0,0.0,0.0,1
-0.816201062293396,-0.657605172361495,-1.1588006264918942,-0.9862649071659377,-1.1859053352917943,-1.177687211234465,-0.9808224075775521,0.0,0.0,1.0,0.0,0.0,0.0,0.0,0.0,0.0,0.0,1.0,0.0,1
0.08145653888218654,-0.28075895654806243,-0.9944357082969277,-0.0701136189928391,-1.1859053352917943,-1.177687211234465,0.21818710521995435,1.0,0.0,0.0,0.0,0.0,0.0,0.0,1.0,0.0,0.0,0.0,0.0,1
-0.5597274619575152,-0.2876380660209831,-0.008246199127128446,-0.0701136189928391,0.7759862885269458,0.7867952858034511,-1.307825001976872,0.0,0.0,0.0,0.0,1.0,0.0,0.0,0.0,0.0,0.0,0.0,0.0,0
-0.4314906617895749,-0.03268107118086268,-0.8300707901019612,-0.0701136189928391,-0.6253648713435828,-0.6164064977950603,-0.4358180835786855,0.0,0.0,0.0,0.0,0.0,0.0,0.0,1.0,0.0,0.0,0.0,0.0,0
-0.6879642621254556,0.7115525849207366,-0.8300707901019612,-0.0701136189928391,-1.1859053352917943,-0.6164064977950603,-0.9808224075775521,1.0,0.0,0.0,0.0,0.0,0.0,0.0,1.0,0.0,0.0,0.0,1.0,1
1.36382454056159,0.8001211193845895,1.7997679010175038,0.8460376691802596,2.45760768037158,1.9093567126822604,2.507205266015194,0.0,0.0,0.0,0.0,0.0,0.0,0.0,1.0,0.0,0.0,0.0,1.0,0
1.36382454056159,1.550803940617052,2.2928626556024034,1.7621889573533582,1.3365267524751574,2.7512777828413673,0.5451896996192743,1.0,0.0,0.0,0.0,0.0,0.0,0.0,1.0,0.0,0.0,0.0,1.0,1
-0.1750170614536942,-0.086424113938055,-0.33697603551706157,-0.0701136189928391,-0.9056351033176886,-0.335766141075358,-0.3268172187789122,0.0,0.0,0.0,0.0,0.0,0.0,0.0,0.0,0.0,0.0,0.0,0.0,0
-0.4314906617895749,-0.4314544484392297,-0.008246199127128446,-0.0701136189928391,0.4957160565528401,0.7867952858034511,1.0901940236181409,1.0,0.0,0.0,0.0,0.0,0.0,0.0,1.0,0.0,0.0,1.0,0.0,0
2.389718941905113,0.9800528265356695,0.4848485554577712,1.7621889573533582,0.7759862885269458,-0.8970468545147626,2.071201806816101,0.0,0.0,0.0,0.0,0.0,0.0,0.0,0.0,0.0,0.0,0.0,1.0,0
0.08145653888218654,-0.8224888275405611,-0.008246199127128446,-0.9862649071659377,0.7759862885269458,0.7867952858034511,-0.5448189483784588,0.0,0.0,0.0,0.0,0.0,0.0,1.0,0.0,0.0,1.0,0.0,0.0,0
1.4920613407295304,2.615561103722546,-0.9944357082969277,2.678340245526457,-1.1859053352917943,-1.177687211234465,1.3081957532176876,0.0,0.0,0.0,1.0,0.0,0.0,0.0,0.0,0.0,0.0,0.0,1.0,0
-0.9444378624613363,-0.9067579185838386,-0.5013409537120281,-0.9862649071659377,-0.6253648713435828,-0.6164064977950603,0.0001853756204077356,1.0,0.0,0.0,0.0,0.0,0.0,1.0,0.0,0.0,1.0,0.0,0.0,0
-0.4314906617895749,0.6042814715773808,0.1561187190678381,-0.0701136189928391,0.7759862885269458,0.7867952858034511,0.436188834819501,0.0,0.0,0.0,0.0,0.0,0.0,0.0,1.0,0.0,0.0,0.0,1.0,1
0.7226405397218884,-0.6646992540054444,-0.33697603551706157,-0.9862649071659377,-0.06482440739537135,-0.335766141075358,0.0001853756204077356,0.0,0.0,1.0,0.0,0.0,0.0,0.0,0.0,0.0,0.0,1.0,0.0,0
-0.816201062293396,-0.353849494697844,-0.5013409537120281,-0.0701136189928391,-0.6253648713435828,-0.335766141075358,-0.9808224075775521,0.0,0.0,0.0,0.0,0.0,0.0,0.0,1.0,0.0,0.0,1.0,0.0,0
-0.4314906617895749,-0.3805060439054114,-0.008246199127128446,-0.9862649071659377,0.4957160565528401,-0.335766141075358,-1.0898232723773253,0.0,0.0,0.0,0.0,0.0,0.0,1.0,0.0,0.0,0.0,1.0,0.0,0
0.33793013921806725,-0.8117402189891226,-0.008246199127128446,-0.9862649071659377,-0.3450946393694771,0.7867952858034511,-0.3268172187789122,0.0,0.0,0.0,0.0,0.0,0.0,1.0,0.0,0.0,1.0,0.0,0.0,0
0.33793013921806725,-0.015053353156503595,1.1423082282376373,-0.0701136189928391,1.0562565205010517,1.9093567126822604,0.0001853756204077356,0.0,0.0,0.0,0.0,1.0,0.0,0.0,0.0,0.0,0.0,0.0,0.0,0
1.1073509402257093,-0.23024049635630164,-0.5013409537120281,-0.0701136189928391,-0.3450946393694771,-0.335766141075358,2.3982044012154207,0.0,0.0,0.0,0.0,0.0,0.0,0.0,1.0,0.0,0.0,0.0,0.0,0
-0.1750170614536942,-0.13522279676158563,-0.008246199127128446,-0.0701136189928391,0.7759862885269458,0.7867952858034511,-0.6538198131782321,0.0,0.0,1.0,0.0,0.0,0.0,0.0,0.0,0.0,0.0,0.0,0.0,0
-1.3291482629651574,-0.869137788653804,-0.9944357082969277,-0.9862649071659377,-0.9056351033176886,-1.177687211234465,-0.6538198131782321,0.0,0.0,0.0,0.0,0.0,0.0,1.0,0.0,0.0,1.0,0.0,0.0,0
-0.1750170614536942,-0.4426330013327257,0.1561187190678381,-0.0701136189928391,-1.1859053352917943,0.7867952858034511,-0.10881548917936558,0.0,0.0,0.0,0.0,0.0,0.0,1.0,0.0,0.0,0.0,1.0,0.0,0
-0.816201062293396,-0.6507260628885744,-0.6657058719069946,-0.9862649071659377,-0.6253648713435828,-0.6164064977950603,-1.0898232723773253,0.0,0.0,0.0,0.0,0.0,0.0,1.0,0.0,0.0,0.0,1.0,0.0,0
1.2355877403936497,2.81226064021387,2.1284977374074368,2.678340245526457,0.7759862885269458,1.3480759992428557,0.32718797001972766,0.0,0.0,0.0,0.0,0.0,1.0,0.0,0.0,0.0,0.0,0.0,1.0,0
-0.816201062293396,-0.353849494697844,-0.5013409537120281,-0.0701136189928391,-0.6253648713435828,-0.6164064977950603,-1.307825001976872,0.0,0.0,0.0,0.0,1.0,0.0,0.0,0.0,0.0,0.0,1.0,0.0,0
0.594403739553948,-0.0675065628875233,1.1423082282376373,-0.0701136189928391,-0.3450946393694771,1.6287163559625581,0.436188834819501,0.0,0.0,0.0,0.0,0.0,0.0,0.0,1.0,0.0,0.0,0.0,0.0,0
0.08145653888218654,0.0395495782848038,-0.172611117322095,-0.0701136189928391,-0.3450946393694771,-0.8970468545147626,1.4171966180174609,0.0,0.0,0.0,0.0,0.0,0.0,0.0,1.0,0.0,0.0,0.0,0.0,1
-1.0726746626292767,-0.8908499779277097,-0.8300707901019612,-0.9862649071659377,-0.6253648713435828,-0.8970468545147626,-1.4168258667766453,0.0,0.0,0.0,0.0,0.0,0.0,0.0,0.0,1.0,1.0,0.0,0.0,0
-0.1750170614536942,0.3946836048243307,0.32048363726280465,0.8460376691802596,1.0562565205010517,1.0674356425231535,-0.4358180835786855,1.0,0.0,0.0,0.0,0.0,0.0,0.0,1.0,0.0,0.0,0.0,1.0,0
-1.3291482629651574,-0.8388267125387475,-0.9944357082969277,-0.9862649071659377,-1.1859053352917943,-1.177687211234465,-0.8718215427777788,0.0,0.0,0.0,0.0,0.0,0.0,0.0,0.0,1.0,1.0,0.0,0.0,0
0.7226405397218884,-0.2822637617452638,-0.33697603551706157,-0.0701136189928391,-0.3450946393694771,-0.335766141075358,0.5451896996192743,1.0,0.0,1.0,0.0,0.0,0.0,0.0,0.0,0.0,0.0,0.0,0.0,0
0.33793013921806725,0.050943103349328576,-0.9944357082969277,-0.0701136189928391,-1.1859053352917943,-1.177687211234465,0.5451896996192743,0.0,0.0,0.0,0.0,0.0,0.0,0.0,0.0,0.0,0.0,0.0,0.0,0
-1.0726746626292767,-0.9033183638473783,-0.8300707901019612,-0.9862649071659377,-0.6253648713435828,-0.6164064977950603,-0.4358180835786855,0.0,0.0,0.0,0.0,0.0,0.0,0.0,0.0,1.0,1.0,0.0,0.0,0
-1.3291482629651574,-0.7631565083366207,-0.9944357082969277,-0.9862649071659377,-1.1859053352917943,-0.8970468545147626,-1.9618301907755118,1.0,0.0,0.0,0.0,0.0,0.0,1.0,0.0,0.0,0.0,1.0,0.0,0
-0.816201062293396,-0.513143873430162,-0.8300707901019612,-0.0701136189928391,-0.6253648713435828,-1.177687211234465,-1.1988241371770987,1.0,0.0,0.0,0.0,0.0,0.0,0.0,1.0,0.0,0.0,1.0,0.0,0
-1.0726746626292767,-0.8538747645107614,-0.6657058719069946,-0.9862649071659377,-0.6253648713435828,-0.6164064977950603,-0.2178163539791389,0.0,0.0,0.0,0.0,0.0,0.0,0.0,0.0,1.0,1.0,0.0,0.0,0
-0.1750170614536942,1.1404220661231312,0.4848485554577712,0.8460376691802596,0.7759862885269458,1.3480759992428557,1.0901940236181409,1.0,0.0,0.0,1.0,0.0,0.0,0.0,0.0,0.0,0.0,0.0,1.0,1
-0.1750170614536942,-0.8450609054985818,0.4848485554577712,-0.9862649071659377,0.7759862885269458,1.3480759992428557,-0.7628206779780055,0.0,0.0,0.0,0.0,0.0,0.0,1.0,0.0,0.0,1.0,0.0,0.0,0
-1.3291482629651574,-0.8285080483293665,-0.9944357082969277,-0.9862649071659377,-1.1859053352917943,-0.8970468545147626,-0.2178163539791389,0.0,0.0,1.0,0.0,0.0,0.0,0.0,0.0,0.0,1.0,0.0,0.0,0
-0.4314906617895749,-0.4602607193570848,-0.33697603551706157,-0.0701136189928391,-0.6253648713435828,-0.335766141075358,-0.5448189483784588,0.0,0.0,0.0,0.0,0.0,0.0,0.0,1.0,0.0,0.0,1.0,0.0,0
-0.5597274619575152,-0.69866485702799,-0.33697603551706157,-0.9862649071659377,-0.06482440739537135,-0.6164064977950603,-0.3268172187789122,0.0,0.0,1.0,0.0,0.0,0.0,0.0,0.0,0.0,0.0,1.0,0.0,0
1.6202981408974708,2.862349156063573,-0.33697603551706157,2.678340245526457,-0.6253648713435828,-0.05512578435565574,1.9622009420163273,1.0,0.0,0.0,1.0,0.0,0.0,0.0,0.0,0.0,0.0,0.0,1.0,1
2.517955742073053,2.446378005122905,3.936511837552069,1.7621889573533582,0.4957160565528401,0.7867952858034511,1.4171966180174609,0.0,0.0,0.0,1.0,0.0,0.0,0.0,0.0,0.0,0.0,0.0,1.0,0
-0.6879642621254556,-0.8601089574705957,-0.8300707901019612,-0.9862649071659377,-0.6253648713435828,-0.6164064977950603,-0.10881548917936558,0.0,0.0,0.0,0.0,0.0,0.0,1.0,0.0,0.0,1.0,0.0,0.0,0
2.6461925422409935,1.0105788748217548,3.7721469193571022,1.7621889573533582,1.0562565205010517,2.470637426121665,1.4171966180174609,1.0,0.0,0.0,0.0,0.0,0.0,0.0,0.0,0.0,0.0,0.0,1.0,0
-1.3291482629651574,-0.8661281782594012,-0.9944357082969277,-0.9862649071659377,-0.9056351033176886,-1.177687211234465,-0.9808224075775521,1.0,0.0,1.0,0.0,0.0,0.0,0.0,0.0,0.0,1.0,0.0,0.0,1
-0.1750170614536942,-0.2068085297141658,0.32048363726280465,-0.0701136189928391,-1.1859053352917943,1.0674356425231535,-0.6538198131782321,0.0,0.0,0.0,0.0,0.0,0.0,0.0,0.0,0.0,0.0,0.0,0.0,0
0.4661669393860076,0.5877286144081655,-0.33697603551706157,-0.0701136189928391,-0.06482440739537135,-0.8970468545147626,-0.10881548917936558,1.0,0.0,0.0,0.0,0.0,0.0,0.0,1.0,0.0,0.0,0.0,1.0,0
-0.30325386162163454,0.4834671114592124,0.32048363726280465,0.8460376691802596,0.7759862885269458,0.7867952858034511,-1.0898232723773253,0.0,0.0,0.0,0.0,1.0,0.0,0.0,0.0,0.0,0.0,0.0,1.0,0
-0.6879642621254556,-0.5617275840826639,-0.5013409537120281,-0.9862649071659377,-0.3450946393694771,-0.6164064977950603,-0.5448189483784588,0.0,0.0,0.0,0.0,0.0,0.0,0.0,0.0,1.0,0.0,1.0,0.0,0
-0.6879642621254556,-0.67071847479425,-0.5013409537120281,-0.9862649071659377,-0.3450946393694771,-0.8970468545147626,-1.307825001976872,0.0,0.0,0.0,0.0,0.0,0.0,1.0,0.0,0.0,0.0,1.0,0.0,0
1.2355877403936497,2.471529749133271,2.1284977374074368,2.678340245526457,3.0181481443197913,2.189997069401963,0.32718797001972766,0.0,0.0,0.0,1.0,0.0,0.0,0.0,0.0,0.0,0.0,0.0,1.0,0
2.005008541401292,2.1215550546984345,-0.5013409537120281,1.7621889573533582,-0.6253648713435828,-0.6164064977950603,1.3081957532176876,0.0,0.0,0.0,0.0,0.0,1.0,0.0,0.0,0.0,0.0,0.0,1.0,0
0.4661669393860076,0.2538768328004868,0.9779433100426709,-0.0701136189928391,1.8970672164233688,0.7867952858034511,-0.4358180835786855,0.0,0.0,0.0,0.0,0.0,0.0,0.0,0.0,0.0,0.0,0.0,0.0,0
-1.3291482629651574,-0.7713254508357139,-0.9944357082969277,-0.9862649071659377,-1.1859053352917943,-1.177687211234465,-0.5448189483784588,0.0,0.0,0.0,0.0,0.0,0.0,1.0,0.0,0.0,0.0,1.0,0.0,0
-0.5597274619575152,-0.83839676819669,-0.6657058719069946,-0.9862649071659377,-0.6253648713435828,-0.6164064977950603,-0.10881548917936558,1.0,0.0,0.0,0.0,0.0,0.0,0.0,0.0,1.0,1.0,0.0,0.0,0
2.2614821417371727,1.4183810832633301,-0.33697603551706157,1.7621889573533582,-0.6253648713435828,-0.335766141075358,1.5261974828172342,0.0,0.0,0.0,0.0,1.0,0.0,0.0,0.0,0.0,0.0,0.0,1.0,0
-1.3291482629651574,-0.969744764695268,-0.9944357082969277,-0.9862649071659377,-1.1859053352917943,-1.177687211234465,-0.7628206779780055,0.0,0.0,0.0,0.0,0.0,0.0,0.0,0.0,1.0,1.0,0.0,0.0,1
3.159139742912755,2.3393218639505777,0.4848485554577712,1.7621889573533582,1.0562565205010517,0.7867952858034511,1.853200077216554,0.0,0.0,0.0,1.0,0.0,0.0,0.0,0.0,0.0,0.0,0.0,1.0,0
-0.30325386162163454,0.6649036238074937,-0.6657058719069946,0.8460376691802596,-0.6253648713435828,-0.6164064977950603,-0.6538198131782321,0.0,0.0,0.0,0.0,0.0,0.0,0.0,1.0,0.0,0.0,0.0,1.0,0
-1.0726746626292767,-0.5647371944770667,-0.6657058719069946,-0.9862649071659377,-0.6253648713435828,-0.6164064977950603,-0.2178163539791389,0.0,0.0,1.0,0.0,0.0,0.0,0.0,0.0,0.0,0.0,1.0,0.0,0
-0.5597274619575152,-0.9542667683811966,-0.8300707901019612,-0.9862649071659377,-0.6253648713435828,-1.177687211234465,1.0901940236181409,0.0,0.0,1.0,0.0,0.0,0.0,0.0,0.0,0.0,1.0,0.0,0.0,0
-0.4314906617895749,-0.9187963601614497,-0.33697603551706157,-0.9862649071659377,-0.3450946393694771,-0.6164064977950603,0.8721922940185942,0.0,0.0,1.0,0.0,0.0,0.0,0.0,0.0,0.0,1.0,0.0,0.0,0
-0.30325386162163454,1.346580378139721,0.32048363726280465,0.8460376691802596,1.0562565205010517,1.0674356425231535,-1.0898232723773253,1.0,0.0,0.0,0.0,0.0,1.0,0.0,0.0,0.0,0.0,0.0,1.0,0
2.133245341569232,0.8145242548435171,2.45722757379737,0.8460376691802596,1.8970672164233688,1.6287163559625581,1.0901940236181409,1.0,0.0,0.0,0.0,1.0,0.0,0.0,0.0,0.0,0.0,0.0,1.0,0
-0.9444378624613363,-0.5393704782956719,-0.6657058719069946,-0.0701136189928391,-0.6253648713435828,-0.6164064977950603,1.9622009420163273,1.0,0.0,0.0,0.0,0.0,0.0,0.0,0.0,0.0,0.0,1.0,0.0,0
0.594403739553948,0.8987933458867946,0.32048363726280465,0.8460376691802596,0.7759862885269458,-0.8970468545147626,1.853200077216554,0.0,1.0,0.0,0.0,0.0,0.0,0.0,0.0,0.0,0.0,0.0,1.0,0
-0.04678026128575383,0.12876302926174304,0.6492134736527377,0.8460376691802596,1.3365267524751574,1.6287163559625581,-0.6538198131782321,1.0,0.0,0.0,0.0,1.0,0.0,0.0,0.0,0.0,0.0,0.0,0.0,0
1.36382454056159,2.1606799898256703,1.7997679010175038,1.7621889573533582,3.2984183762938972,1.0674356425231535,0.436188834819501,0.0,0.0,0.0,1.0,0.0,0.0,0.0,0.0,0.0,0.0,0.0,1.0,0
-0.6879642621254556,0.49636544172093855,-0.172611117322095,-0.0701136189928391,-0.06482440739537135,-0.335766141075358,-0.8718215427777788,0.0,0.0,0.0,0.0,0.0,0.0,0.0,0.0,0.0,0.0,0.0,1.0,0
-0.04678026128575383,0.36394258436721666,-0.008246199127128446,0.8460376691802596,0.4957160565528401,0.5061549290837488,0.21818710521995435,0.0,0.0,0.0,0.0,0.0,0.0,0.0,1.0,0.0,0.0,0.0,0.0,0
0.9791141400577691,0.6597442917028032,1.7997679010175038,0.8460376691802596,1.6167969844492631,0.7867952858034511,0.21818710521995435,0.0,0.0,0.0,0.0,0.0,0.0,0.0,0.0,0.0,0.0,0.0,1.0,0
-0.4314906617895749,-0.9003087534529756,-0.172611117322095,-0.9862649071659377,-0.06482440739537135,-0.6164064977950603,-0.6538198131782321,1.0,0.0,0.0,0.0,0.0,0.0,1.0,0.0,0.0,1.0,0.0,0.0,0
-0.1750170614536942,0.23388442089481123,0.1561187190678381,0.8460376691802596,0.7759862885269458,-1.177687211234465,-0.2178163539791389,1.0,0.0,0.0,0.0,0.0,0.0,0.0,0.0,0.0,0.0,0.0,0.0,0
-0.6879642621254556,-0.5668869161873543,-0.172611117322095,-0.9862649071659377,-0.6253648713435828,-0.6164064977950603,-1.4168258667766453,0.0,0.0,1.0,0.0,0.0,0.0,0.0,0.0,0.0,0.0,1.0,0.0,0
-0.6879642621254556,-0.4828327973151056,-0.8300707901019612,-0.0701136189928391,-0.6253648713435828,-1.177687211234465,-1.0898232723773253,0.0,0.0,0.0,0.0,1.0,0.0,0.0,0.0,0.0,0.0,1.0,0.0,0
-1.0726746626292767,-0.9112723341754427,-0.6657058719069946,-0.9862649071659377,-0.6253648713435828,-0.6164064977950603,-1.1988241371770987,0.0,0.0,1.0,0.0,0.0,0.0,0.0,0.0,0.0,1.0,0.0,0.0,0
1.2355877403936497,2.167559099298591,-0.9944357082969277,1.7621889573533582,-1.1859053352917943,-1.177687211234465,0.6541905644190477,1.0,0.0,0.0,0.0,0.0,1.0,0.0,0.0,0.0,0.0,0.0,1.0,0
-0.30325386162163454,-0.9263203861474566,0.32048363726280465,-0.9862649071659377,0.7759862885269458,1.0674356425231535,-1.0898232723773253,1.0,0.0,0.0,0.0,0.0,0.0,1.0,0.0,0.0,1.0,0.0,0.0,0
0.7226405397218884,-0.8540897366817901,-0.33697603551706157,-0.0701136189928391,-0.6253648713435828,-0.335766141075358,-0.10881548917936558,0.0,0.0,1.0,0.0,0.0,0.0,0.0,0.0,0.0,1.0,0.0,0.0,0
-0.1750170614536942,-0.19928450372815887,0.4848485554577712,-0.0701136189928391,0.7759862885269458,1.0674356425231535,-0.6538198131782321,1.0,0.0,0.0,0.0,0.0,0.0,0.0,1.0,0.0,0.0,0.0,0.0,1
2.389718941905113,2.3851109363797054,-0.5013409537120281,1.7621889573533582,-0.3450946393694771,-0.335766141075358,1.4171966180174609,0.0,0.0,0.0,0.0,0.0,1.0,0.0,0.0,0.0,0.0,0.0,1.0,0
-0.4314906617895749,-0.08556422525393992,-0.008246199127128446,-0.0701136189928391,0.7759862885269458,0.7867952858034511,-0.4358180835786855,0.0,0.0,0.0,0.0,0.0,0.0,0.0,1.0,0.0,0.0,0.0,0.0,0
0.8508773398898287,0.2654853300360403,0.6492134736527377,-0.0701136189928391,1.3365267524751574,1.3480759992428557,-0.10881548917936558,0.0,0.0,0.0,0.0,1.0,0.0,0.0,0.0,0.0,0.0,0.0,0.0,0
-0.4314906617895749,-0.9460978258821033,-0.33697603551706157,-0.9862649071659377,-0.6253648713435828,-0.05512578435565574,-0.10881548917936558,0.0,1.0,0.0,0.0,0.0,0.0,0.0,0.0,0.0,1.0,0.0,0.0,0
-0.1750170614536942,-0.47831838172350144,0.4848485554577712,-0.0701136189928391,0.7759862885269458,1.3480759992428557,-0.8718215427777788,0.0,0.0,0.0,0.0,1.0,0.0,0.0,0.0,0.0,0.0,1.0,0.0,0
-0.4314906617895749,-0.7743350612301168,0.1561187190678381,-0.9862649071659377,0.7759862885269458,0.7867952858034511,-1.1988241371770987,0.0,1.0,0.0,0.0,0.0,0.0,0.0,0.0,0.0,0.0,1.0,0.0,0
-0.5597274619575152,-0.9577063231176569,-0.33697603551706157,-0.9862649071659377,-0.06482440739537135,-0.6164064977950603,0.6541905644190477,0.0,0.0,0.0,0.0,0.0,0.0,1.0,0.0,0.0,1.0,0.0,0.0,0
-0.4314906617895749,-0.85236995931356,0.1561187190678381,-0.9862649071659377,-0.6253648713435828,0.5061549290837488,-0.3268172187789122,1.0,0.0,0.0,0.0,0.0,0.0,0.0,0.0,1.0,1.0,0.0,0.0,0
-0.9444378624613363,-0.33665172101554247,-0.9944357082969277,-0.0701136189928391,-1.1859053352917943,-1.177687211234465,1.0901940236181409,0.0,0.0,0.0,0.0,0.0,0.0,0.0,1.0,0.0,0.0,0.0,0.0,0
1.2355877403936497,1.4944812318075142,2.1284977374074368,1.7621889573533582,0.7759862885269458,1.6287163559625581,0.8721922940185942,1.0,0.0,0.0,0.0,0.0,0.0,0.0,0.0,0.0,0.0,0.0,1.0,0
1.8767717412333516,2.284074015996184,2.1284977374074368,1.7621889573533582,3.5786886082680027,0.5061549290837488,1.0901940236181409,0.0,0.0,0.0,0.0,0.0,1.0,0.0,0.0,0.0,0.0,0.0,1.0,0
-0.5597274619575152,0.7229461099852613,-0.8300707901019612,-0.0701136189928391,-0.6253648713435828,-0.6164064977950603,-0.5448189483784588,1.0,0.0,0.0,0.0,0.0,0.0,0.0,1.0,0.0,0.0,0.0,1.0,1
3.0309029427448144,2.1613249063387565,0.32048363726280465,1.7621889573533582,1.0562565205010517,1.0674356425231535,1.7441992124167807,0.0,0.0,0.0,0.0,0.0,1.0,0.0,0.0,0.0,0.0,0.0,1.0,0
-0.9444378624613363,-0.4312394762682009,-0.6657058719069946,-0.0701136189928391,-0.6253648713435828,-0.6164064977950603,-0.3268172187789122,1.0,0.0,0.0,0.0,0.0,0.0,0.0,1.0,0.0,0.0,1.0,0.0,0
-0.30325386162163454,-0.432099364952316,0.1561187190678381,-0.0701136189928391,0.7759862885269458,0.7867952858034511,0.21818710521995435,0.0,0.0,0.0,0.0,1.0,0.0,0.0,0.0,0.0,0.0,1.0,0.0,0
-0.816201062293396,-0.4993856544843208,-0.33697603551706157,-0.0701136189928391,-0.06482440739537135,-0.05512578435565574,-0.9808224075775521,0.0,0.0,0.0,0.0,0.0,0.0,0.0,1.0,0.0,0.0,1.0,0.0,0
1.6202981408974708,2.285148876851328,2.45722757379737,1.7621889573533582,3.5786886082680027,0.7867952858034511,1.1991948884179142,0.0,0.0,0.0,1.0,0.0,0.0,0.0,0.0,0.0,0.0,0.0,1.0,0
0.2096933390501269,-0.12253943867088823,-0.008246199127128446,-0.0701136189928391,0.7759862885269458,0.7867952858034511,0.0001853756204077356,1.0,0.0,0.0,0.0,0.0,0.0,1.0,0.0,0.0,0.0,0.0,0.0,0
-0.9444378624613363,-0.5101342630357593,-0.6657058719069946,-0.0701136189928391,-0.6253648713435828,-0.6164064977950603,-1.634827596376192,1.0,0.0,0.0,0.0,1.0,0.0,0.0,0.0,0.0,0.0,1.0,0.0,1
1.8767717412333516,2.4328347583480925,-0.6657058719069946,1.7621889573533582,-0.6253648713435828,-0.8970468545147626,0.9811931588183676,0.0,0.0,0.0,0.0,0.0,1.0,0.0,0.0,0.0,0.0,0.0,1.0,0
0.9791141400577691,-0.2111079731347412,0.4848485554577712,-0.0701136189928391,0.7759862885269458,1.3480759992428557,0.9811931588183676,0.0,0.0,0.0,0.0,0.0,0.0,0.0,0.0,0.0,0.0,0.0,0.0,0
1.1073509402257093,-0.3405212200940603,-0.008246199127128446,-0.0701136189928391,0.7759862885269458,0.7867952858034511,1.0901940236181409,0.0,0.0,0.0,0.0,0.0,0.0,0.0,1.0,0.0,0.0,0.0,0.0,0
-1.0726746626292767,-0.9456678815400459,-0.8300707901019612,-0.9862649071659377,-0.6253648713435828,-0.8970468545147626,-1.4168258667766453,0.0,1.0,0.0,0.0,0.0,0.0,0.0,0.0,0.0,1.0,0.0,0.0,0
0.8508773398898287,1.4626653504952565,0.9779433100426709,0.8460376691802596,0.7759862885269458,0.7867952858034511,0.5451896996192743,0.0,0.0,0.0,0.0,0.0,1.0,0.0,0.0,0.0,0.0,0.0,1.0,0
0.594403739553948,0.7878677056359497,-0.8300707901019612,0.8460376691802596,-0.6253648713435828,-0.6164064977950603,0.7631914292188209,1.0,0.0,0.0,0.0,1.0,0.0,0.0,0.0,0.0,0.0,0.0,1.0,0
-0.6879642621254556,-0.883110979770674,-0.5013409537120281,-0.9862649071659377,-0.3450946393694771,-0.6164064977950603,0.7631914292188209,1.0,0.0,0.0,0.0,0.0,0.0,1.0,0.0,0.0,1.0,0.0,0.0,0
2.2614821417371727,2.318254591189758,2.1284977374074368,1.7621889573533582,0.7759862885269458,0.7867952858034511,1.853200077216554,0.0,0.0,0.0,0.0,0.0,1.0,0.0,0.0,0.0,0.0,0.0,1.0,0
-0.30325386162163454,0.6904853121599173,-0.33697603551706157,0.8460376691802596,-1.1859053352917943,-0.335766141075358,0.8721922940185942,0.0,1.0,0.0,0.0,0.0,0.0,0.0,0.0,0.0,0.0,0.0,1.0,0
-1.4573850631330978,-1.0400406646216755,-1.1588006264918942,-0.9862649071659377,-1.1859053352917943,-1.177687211234465,-1.0898232723773253,0.0,0.0,0.0,0.0,0.0,0.0,1.0,0.0,0.0,1.0,0.0,0.0,0
-1.0726746626292767,-0.9155717775960182,-0.9944357082969277,-0.9862649071659377,-1.1859053352917943,-1.177687211234465,-0.7628206779780055,1.0,0.0,0.0,0.0,0.0,0.0,1.0,0.0,0.0,1.0,0.0,0.0,1
-0.9444378624613363,-0.8024964156348855,-0.8300707901019612,-0.9862649071659377,-0.6253648713435828,-0.6164064977950603,-1.0898232723773253,0.0,0.0,1.0,0.0,0.0,0.0,0.0,0.0,0.0,1.0,0.0,0.0,0
-1.0726746626292767,-0.5984878253285835,-0.6657058719069946,-0.9862649071659377,-0.6253648713435828,-0.6164064977950603,-0.8718215427777788,0.0,0.0,0.0,0.0,0.0,0.0,1.0,0.0,0.0,0.0,1.0,0.0,0
-0.4314906617895749,-0.8981590317426879,0.1561187190678381,-0.9862649071659377,0.7759862885269458,0.7867952858034511,-1.1988241371770987,1.0,0.0,0.0,0.0,0.0,0.0,1.0,0.0,0.0,1.0,0.0,0.0,1
0.2096933390501269,0.0640564057820835,-0.33697603551706157,-0.0701136189928391,-0.06482440739537135,-0.05512578435565574,-0.10881548917936558,0.0,0.0,0.0,0.0,0.0,0.0,0.0,0.0,0.0,0.0,0.0,0.0,0
-0.9444378624613363,-0.5505490311891679,-0.6657058719069946,-0.9862649071659377,-0.6253648713435828,-0.6164064977950603,-0.8718215427777788,0.0,0.0,1.0,0.0,0.0,0.0,0.0,0.0,0.0,0.0,1.0,0.0,0
-0.6879642621254556,-0.2622713498395883,-0.6657058719069946,-0.0701136189928391,-0.6253648713435828,-0.6164064977950603,-0.4358180835786855,0.0,0.0,0.0,0.0,0.0,0.0,0.0,1.0,0.0,0.0,0.0,0.0,1
1.36382454056159,0.9018029562811974,0.4848485554577712,0.8460376691802596,0.7759862885269458,1.0674356425231535,1.853200077216554,0.0,0.0,0.0,0.0,1.0,0.0,0.0,0.0,0.0,0.0,0.0,1.0,0
-0.30325386162163454,-0.4968059884319756,-0.6657058719069946,-0.0701136189928391,-0.9056351033176886,-0.6164064977950603,-0.6538198131782321,0.0,0.0,0.0,0.0,0.0,0.0,0.0,1.0,0.0,0.0,1.0,0.0,1
-0.30325386162163454,-0.6932905527522707,0.32048363726280465,-0.0701136189928391,1.0562565205010517,0.7867952858034511,0.32718797001972766,0.0,0.0,0.0,0.0,0.0,0.0,1.0,0.0,0.0,0.0,1.0,0.0,0
2.005008541401292,2.8191397496867907,-0.33697603551706157,2.678340245526457,-0.6253648713435828,-1.177687211234465,1.0901940236181409,0.0,0.0,0.0,1.0,0.0,0.0,0.0,0.0,0.0,0.0,0.0,1.0,0
-0.1750170614536942,-0.3388014427258301,0.32048363726280465,-0.9862649071659377,0.7759862885269458,0.7867952858034511,-0.7628206779780055,0.0,0.0,0.0,0.0,0.0,0.0,1.0,0.0,0.0,0.0,0.0,0.0,0
-0.816201062293396,-0.7809991985320086,-0.33697603551706157,-0.9862649071659377,-0.6253648713435828,-0.335766141075358,-0.6538198131782321,0.0,0.0,0.0,0.0,0.0,0.0,1.0,0.0,0.0,1.0,0.0,0.0,0
-0.1750170614536942,-0.889560144901537,0.4848485554577712,-0.0701136189928391,-0.3450946393694771,1.3480759992428557,0.10918624042018105,0.0,0.0,1.0,0.0,0.0,0.0,0.0,0.0,0.0,1.0,0.0,0.0,0
0.7226405397218884,0.3334165360811314,1.4710380646275707,0.8460376691802596,0.4957160565528401,2.470637426121665,-0.2178163539791389,0.0,0.0,0.0,0.0,1.0,0.0,0.0,0.0,0.0,0.0,0.0,0.0,0
2.7744293424089337,1.47427384773081,1.9641328192124703,1.7621889573533582,3.2984183762938972,1.3480759992428557,2.071201806816101,1.0,0.0,0.0,0.0,1.0,0.0,0.0,0.0,0.0,0.0,0.0,1.0,0
0.2096933390501269,-0.8063659147134034,0.32048363726280465,-0.9862649071659377,1.0562565205010517,1.0674356425231535,0.0001853756204077356,0.0,0.0,0.0,0.0,0.0,0.0,0.0,0.0,1.0,1.0,0.0,0.0,0
-0.1750170614536942,-0.42479031113733784,0.32048363726280465,-0.0701136189928391,0.2154458245787344,0.7867952858034511,-0.3268172187789122,0.0,0.0,0.0,0.0,0.0,0.0,0.0,1.0,0.0,0.0,1.0,0.0,0
-0.1750170614536942,-0.8095904972788349,-0.008246199127128446,-0.9862649071659377,0.7759862885269458,-1.177687211234465,0.436188834819501,1.0,0.0,1.0,0.0,0.0,0.0,0.0,0.0,0.0,1.0,0.0,0.0,1
-0.4314906617895749,-0.889560144901537,-0.9944357082969277,-0.9862649071659377,-1.1859053352917943,-1.177687211234465,0.32718797001972766,0.0,0.0,1.0,0.0,0.0,0.0,0.0,0.0,0.0,1.0,0.0,0.0,0
2.6461925422409935,2.3335176153328008,-0.33697603551706157,1.7621889573533582,-0.06482440739537135,-0.335766141075358,1.4171966180174609,0.0,0.0,0.0,0.0,0.0,1.0,0.0,0.0,0.0,0.0,0.0,1.0,0
0.2096933390501269,0.9407129192374046,-0.172611117322095,0.8460376691802596,-0.06482440739537135,0.22551457236404657,0.21818710521995435,0.0,0.0,0.0,0.0,0.0,0.0,0.0,0.0,0.0,0.0,0.0,1.0,0
-1.200911462797217,-0.9617907943672035,-0.8300707901019612,-0.9862649071659377,-0.6253648713435828,-0.6164064977950603,-1.7438284611759653,1.0,0.0,0.0,0.0,0.0,0.0,1.0,0.0,0.0,1.0,0.0,0.0,0
0.2096933390501269,-0.849575321090186,0.6492134736527377,-0.9862649071659377,1.6167969844492631,1.0674356425231535,0.10918624042018105,0.0,1.0,0.0,0.0,0.0,0.0,0.0,0.0,0.0,1.0,0.0,0.0,0
-0.30325386162163454,1.4876021223345937,-0.5013409537120281,0.8460376691802596,-0.3450946393694771,-0.6164064977950603,0.21818710521995435,0.0,0.0,0.0,0.0,0.0,1.0,0.0,0.0,0.0,0.0,0.0,1.0,0
-0.30325386162163454,0.33513631344936157,-0.5013409537120281,-0.0701136189928391,-0.6253648713435828,-0.8970468545147626,-0.3268172187789122,1.0,0.0,0.0,0.0,0.0,0.0,0.0,1.0,0.0,0.0,0.0,0.0,0
-0.6879642621254556,-0.5675318327004407,-0.33697603551706157,-0.9862649071659377,-0.6253648713435828,-0.335766141075358,0.21818710521995435,0.0,0.0,0.0,0.0,0.0,0.0,1.0,0.0,0.0,0.0,1.0,0.0,1
-0.4314906617895749,-0.883970868454789,-0.5013409537120281,-0.9862649071659377,-0.9056351033176886,-0.335766141075358,-0.5448189483784588,1.0,0.0,0.0,0.0,0.0,0.0,1.0,0.0,0.0,1.0,0.0,0.0,1
-0.9444378624613363,-0.8693527608248327,-0.6657058719069946,-0.9862649071659377,-0.9056351033176886,-0.6164064977950603,-0.4358180835786855,0.0,0.0,0.0,0.0,0.0,0.0,1.0,0.0,0.0,1.0,0.0,0.0,0
-0.4314906617895749,-0.5408752834928733,-0.008246199127128446,-0.0701136189928391,0.7759862885269458,0.22551457236404657,0.10918624042018105,0.0,0.0,0.0,0.0,0.0,0.0,0.0,1.0,0.0,0.0,1.0,0.0,0
-0.1750170614536942,0.6096557758530999,-0.6657058719069946,0.8460376691802596,-0.9056351033176886,-0.6164064977950603,0.8721922940185942,1.0,0.0,0.0,0.0,1.0,0.0,0.0,0.0,0.0,0.0,0.0,1.0,0
-0.1750170614536942,-0.32289350206970124,0.32048363726280465,-0.0701136189928391,-0.6253648713435828,1.0674356425231535,0.21818710521995435,0.0,0.0,0.0,0.0,1.0,0.0,0.0,0.0,0.0,0.0,0.0,0.0,0
0.9791141400577691,-0.4916466563272851,-0.8300707901019612,-0.9862649071659377,-0.6253648713435828,-0.6164064977950603,2.071201806816101,1.0,0.0,0.0,0.0,0.0,0.0,1.0,0.0,0.0,0.0,1.0,0.0,0
0.9791141400577691,-0.3727670457483757,0.4848485554577712,-0.0701136189928391,0.7759862885269458,1.0674356425231535,0.9811931588183676,0.0,0.0,0.0,0.0,1.0,0.0,0.0,0.0,0.0,0.0,1.0,0.0,0
0.4661669393860076,1.486312289308421,1.306673146432604,0.8460376691802596,2.737877912345686,2.189997069401963,-0.4358180835786855,1.0,0.0,0.0,0.0,0.0,1.0,0.0,0.0,0.0,0.0,0.0,1.0,0
1.36382454056159,1.7859834957225256,1.6354029828225372,1.7621889573533582,2.45760768037158,-0.6164064977950603,1.7441992124167807,0.0,0.0,0.0,1.0,0.0,0.0,0.0,0.0,0.0,0.0,0.0,1.0,0
-0.04678026128575383,-0.09738769466052223,-0.33697603551706157,-0.0701136189928391,-0.06482440739537135,-0.6164064977950603,-0.7628206779780055,0.0,0.0,0.0,0.0,1.0,0.0,0.0,0.0,0.0,0.0,0.0,0.0,0
1.2355877403936497,2.527207541429722,-0.6657058719069946,2.678340245526457,-0.6253648713435828,-0.8970468545147626,1.0901940236181409,0.0,0.0,0.0,0.0,0.0,1.0,0.0,0.0,0.0,0.0,0.0,1.0,0
-0.9444378624613363,-0.36395318673619614,-0.6657058719069946,-0.0701136189928391,-0.6253648713435828,-0.6164064977950603,-1.307825001976872,0.0,0.0,0.0,0.0,0.0,0.0,0.0,1.0,0.0,0.0,1.0,0.0,0
-1.3291482629651574,-0.8891302005594796,-0.9944357082969277,-0.9862649071659377,-0.9056351033176886,-1.177687211234465,-0.9808224075775521,1.0,0.0,1.0,0.0,0.0,0.0,0.0,0.0,0.0,1.0,0.0,0.0,1
-0.4314906617895749,-0.13500782459055685,-0.9944357082969277,-0.0701136189928391,-1.1859053352917943,-0.8970468545147626,-0.2178163539791389,1.0,0.0,0.0,0.0,1.0,0.0,0.0,0.0,0.0,0.0,0.0,0.0,1
0.8508773398898287,-0.3880300698914183,-0.6657058719069946,-0.9862649071659377,-0.6253648713435828,-0.6164064977950603,0.6541905644190477,0.0,0.0,0.0,0.0,0.0,0.0,1.0,0.0,0.0,0.0,1.0,0.0,0
-0.1750170614536942,0.7397139393255053,-0.9944357082969277,0.8460376691802596,-1.1859053352917943,-1.177687211234465,0.6541905644190477,0.0,0.0,0.0,0.0,0.0,0.0,0.0,0.0,0.0,0.0,0.0,1.0,0
0.2096933390501269,0.5120584102060387,0.32048363726280465,-0.0701136189928391,0.7759862885269458,0.7867952858034511,0.9811931588183676,0.0,0.0,0.0,0.0,0.0,0.0,0.0,0.0,0.0,0.0,0.0,1.0,1
-0.9444378624613363,-0.906327974241781,-0.5013409537120281,-0.9862649071659377,-0.6253648713435828,-0.6164064977950603,-1.634827596376192,1.0,0.0,0.0,0.0,0.0,0.0,1.0,0.0,0.0,1.0,0.0,0.0,0
-0.30325386162163454,-0.2986016467434503,-0.172611117322095,-0.0701136189928391,-0.06482440739537135,0.22551457236404657,0.5451896996192743,0.0,0.0,0.0,0.0,0.0,0.0,0.0,1.0,0.0,0.0,0.0,0.0,0
-0.04678026128575383,-0.23883938319745243,0.6492134736527377,-0.0701136189928391,1.0562565205010517,1.3480759992428557,-0.3268172187789122,0.0,0.0,0.0,0.0,0.0,0.0,1.0,0.0,0.0,0.0,0.0,0.0,0
0.2096933390501269,-0.9211610540427662,-1.1588006264918942,-0.9862649071659377,-1.1859053352917943,-1.177687211234465,1.1991948884179142,0.0,0.0,0.0,0.0,0.0,0.0,1.0,0.0,0.0,1.0,0.0,0.0,0
-0.4314906617895749,-0.31837908647809704,0.1561187190678381,-0.0701136189928391,-0.6253648713435828,0.7867952858034511,-0.3268172187789122,0.0,0.0,0.0,0.0,0.0,0.0,0.0,0.0,0.0,0.0,0.0,0.0,0
1.6202981408974708,0.7943168707668128,-0.9944357082969277,0.8460376691802596,-1.1859053352917943,-1.177687211234465,1.9622009420163273,0.0,0.0,0.0,0.0,0.0,0.0,0.0,1.0,0.0,0.0,0.0,1.0,0
1.7485349410654112,0.4490715640946093,1.6354029828225372,0.8460376691802596,2.737877912345686,1.9093567126822604,1.0901940236181409,0.0,0.0,0.0,0.0,0.0,0.0,0.0,0.0,0.0,0.0,0.0,1.0,0
-0.816201062293396,-0.4914316841562563,-0.5013409537120281,-0.9862649071659377,-0.3450946393694771,-0.6164064977950603,1.6351983476170073,0.0,0.0,0.0,0.0,0.0,0.0,1.0,0.0,0.0,0.0,1.0,0.0,0
-1.200911462797217,-0.8203391058302734,-0.8300707901019612,-0.9862649071659377,-0.6253648713435828,-0.6164064977950603,-1.8528293259757387,0.0,0.0,0.0,0.0,0.0,0.0,0.0,0.0,1.0,1.0,0.0,0.0,0
-0.1750170614536942,-0.543884893887276,0.4848485554577712,-0.0701136189928391,0.4957160565528401,0.7867952858034511,-0.2178163539791389,1.0,0.0,0.0,0.0,0.0,0.0,0.0,0.0,0.0,0.0,1.0,0.0,0
-0.30325386162163454,-0.01698810269576252,-0.5013409537120281,-0.0701136189928391,-0.6253648713435828,-0.335766141075358,0.7631914292188209,1.0,0.0,0.0,0.0,0.0,0.0,0.0,0.0,0.0,0.0,0.0,0.0,0
-0.816201062293396,-0.8007766382666553,-0.6657058719069946,-0.9862649071659377,-0.6253648713435828,-0.6164064977950603,-1.5258267315764187,0.0,0.0,0.0,0.0,0.0,0.0,1.0,0.0,0.0,1.0,0.0,0.0,0
1.1073509402257093,1.4321393022091713,1.7997679010175038,0.8460376691802596,3.2984183762938972,1.9093567126822604,0.10918624042018105,0.0,0.0,0.0,0.0,0.0,1.0,0.0,0.0,0.0,0.0,0.0,1.0,0
1.6202981408974708,0.9258798394364196,-0.008246199127128446,0.8460376691802596,0.7759862885269458,0.7867952858034511,0.8721922940185942,1.0,0.0,0.0,0.0,0.0,0.0,0.0,0.0,0.0,0.0,0.0,1.0,0
-0.1750170614536942,0.041054383482005186,-1.1588006264918942,-0.0701136189928391,-1.1859053352917943,-1.177687211234465,-0.5448189483784588,0.0,0.0,0.0,0.0,0.0,0.0,0.0,1.0,0.0,0.0,0.0,0.0,1
-0.4314906617895749,-0.03526073723320791,-0.172611117322095,-0.0701136189928391,-0.06482440739537135,-1.177687211234465,0.32718797001972766,1.0,0.0,0.0,0.0,0.0,0.0,0.0,1.0,0.0,0.0,0.0,0.0,1
0.4661669393860076,0.5206572970471894,-0.008246199127128446,-0.0701136189928391,0.7759862885269458,0.7867952858034511,-0.2178163539791389,1.0,0.0,0.0,0.0,0.0,0.0,0.0,1.0,0.0,0.0,0.0,1.0,0
0.9791141400577691,-0.8801013693762713,-0.8300707901019612,-0.0701136189928391,-0.6253648713435828,-0.6164064977950603,1.7441992124167807,0.0,0.0,1.0,0.0,0.0,0.0,0.0,0.0,0.0,1.0,0.0,0.0,0
-0.1750170614536942,-0.07202097847912746,0.4848485554577712,-0.0701136189928391,0.7759862885269458,1.0674356425231535,-0.5448189483784588,0.0,0.0,0.0,0.0,0.0,0.0,0.0,1.0,0.0,0.0,0.0,0.0,0
-0.4314906617895749,0.036110023548343494,0.1561187190678381,-0.0701136189928391,0.7759862885269458,0.7867952858034511,-0.3268172187789122,0.0,0.0,0.0,0.0,0.0,0.0,0.0,1.0,0.0,0.0,0.0,0.0,0
-0.6879642621254556,-0.7493982893907795,-0.33697603551706157,-0.9862649071659377,-0.6253648713435828,-0.8970468545147626,-1.0898232723773253,1.0,0.0,0.0,0.0,0.0,0.0,1.0,0.0,0.0,0.0,1.0,0.0,0
0.08145653888218654,-0.6171904042080864,0.8135783918477043,-0.9862649071659377,1.3365267524751574,1.0674356425231535,0.5451896996192743,0.0,0.0,1.0,0.0,0.0,0.0,0.0,0.0,0.0,0.0,1.0,0.0,0
-0.5597274619575152,0.062336628413853346,-0.008246199127128446,-0.0701136189928391,0.7759862885269458,0.7867952858034511,-0.9808224075775521,1.0,0.0,0.0,0.0,0.0,0.0,0.0,1.0,0.0,0.0,0.0,0.0,0
1.1073509402257093,-0.9020285308212057,1.6354029828225372,-0.0701136189928391,1.3365267524751574,3.0319181395610695,0.8721922940185942,0.0,0.0,1.0,0.0,0.0,0.0,0.0,0.0,0.0,1.0,0.0,0.0,0
-0.5597274619575152,-0.6808221668326021,-0.5013409537120281,-0.9862649071659377,-0.3450946393694771,-0.6164064977950603,0.32718797001972766,0.0,0.0,1.0,0.0,0.0,0.0,0.0,0.0,0.0,0.0,1.0,0.0,0
0.08145653888218654,-0.7726152838618866,-0.33697603551706157,-0.9862649071659377,-0.06482440739537135,-0.05512578435565574,1.6351983476170073,0.0,0.0,1.0,0.0,0.0,0.0,0.0,0.0,0.0,0.0,1.0,0.0,0
-1.4573850631330978,-1.0604630208694086,-1.1588006264918942,-0.9862649071659377,-1.1859053352917943,-1.177687211234465,-2.0708310555752854,0.0,0.0,1.0,0.0,0.0,0.0,0.0,0.0,0.0,1.0,0.0,0.0,0
-0.1750170614536942,-0.25388743516946627,0.32048363726280465,-0.0701136189928391,0.7759862885269458,-1.177687211234465,-0.2178163539791389,0.0,0.0,1.0,0.0,0.0,0.0,0.0,0.0,0.0,0.0,0.0,0.0,0
0.08145653888218654,0.17949646162453262,-0.172611117322095,-0.0701136189928391,-0.3450946393694771,-0.05512578435565574,0.9811931588183676,0.0,0.0,0.0,0.0,1.0,0.0,0.0,0.0,0.0,0.0,0.0,0.0,0
-0.1750170614536942,-0.8493603489191572,0.32048363726280465,-0.9862649071659377,0.4957160565528401,1.0674356425231535,0.5451896996192743,1.0,0.0,1.0,0.0,0.0,0.0,0.0,0.0,0.0,1.0,0.0,0.0,0
-0.9444378624613363,-0.6034321852622452,-0.6657058719069946,-0.9862649071659377,-0.6253648713435828,-0.6164064977950603,-0.3268172187789122,0.0,1.0,0.0,0.0,0.0,0.0,0.0,0.0,0.0,0.0,1.0,0.0,0
1.6202981408974708,2.8094660019904962,-0.9944357082969277,2.678340245526457,-1.1859053352917943,-0.8970468545147626,0.5451896996192743,0.0,0.0,0.0,1.0,0.0,0.0,0.0,0.0,0.0,0.0,0.0,1.0,0
2.133245341569232,1.1376274278997573,-0.8300707901019612,1.7621889573533582,-1.1859053352917943,-0.6164064977950603,1.7441992124167807,0.0,0.0,0.0,0.0,0.0,0.0,0.0,1.0,0.0,0.0,0.0,1.0,0
0.08145653888218654,0.6180396905232219,0.4848485554577712,0.8460376691802596,1.3365267524751574,-0.05512578435565574,-0.7628206779780055,0.0,0.0,0.0,0.0,0.0,0.0,0.0,1.0,0.0,0.0,0.0,1.0,0
0.9791141400577691,-0.594188381908008,-0.9944357082969277,-0.0701136189928391,-1.1859053352917943,-1.177687211234465,1.853200077216554,0.0,0.0,1.0,0.0,0.0,0.0,0.0,0.0,0.0,0.0,1.0,0.0,0
-0.04678026128575383,-0.45574630376548064,0.6492134736527377,-0.0701136189928391,0.7759862885269458,1.0674356425231535,-0.6538198131782321,0.0,0.0,0.0,0.0,1.0,0.0,0.0,0.0,0.0,0.0,1.0,0.0,0
-0.04678026128575383,-0.9635105717354338,-0.6657058719069946,-0.9862649071659377,-0.6253648713435828,-0.6164064977950603,-0.8718215427777788,0.0,0.0,1.0,0.0,0.0,0.0,0.0,0.0,0.0,1.0,0.0,0.0,0
-0.1750170614536942,0.7291803029450957,0.32048363726280465,-0.0701136189928391,-0.06482440739537135,0.7867952858034511,-0.6538198131782321,0.0,0.0,0.0,0.0,1.0,0.0,0.0,0.0,0.0,0.0,0.0,1.0,0
-0.6879642621254556,0.06212165624282458,-0.172611117322095,-0.0701136189928391,0.2154458245787344,-0.8970468545147626,-0.6538198131782321,1.0,0.0,0.0,0.0,0.0,0.0,0.0,0.0,0.0,0.0,0.0,0.0,0
-0.30325386162163454,-0.12382927169706086,0.32048363726280465,-0.0701136189928391,0.7759862885269458,1.0674356425231535,-0.4358180835786855,0.0,0.0,0.0,0.0,0.0,0.0,0.0,0.0,0.0,0.0,0.0,0.0,0
-1.3291482629651574,-0.7676709239282249,-0.9944357082969277,-0.9862649071659377,-1.1859053352917943,-1.177687211234465,-1.8528293259757387,0.0,0.0,1.0,0.0,0.0,0.0,0.0,0.0,0.0,0.0,1.0,0.0,1
2.517955742073053,2.7856040910063027,3.936511837552069,2.678340245526457,1.3365267524751574,1.3480759992428557,1.3081957532176876,1.0,0.0,0.0,0.0,0.0,1.0,0.0,0.0,0.0,0.0,0.0,1.0,0
1.8767717412333516,0.9503866669336993,-0.33697603551706157,0.8460376691802596,-0.6253648713435828,-1.177687211234465,1.3081957532176876,0.0,0.0,0.0,0.0,0.0,0.0,0.0,0.0,0.0,0.0,0.0,1.0,0
0.7226405397218884,-0.03418587637806406,0.1561187190678381,-0.0701136189928391,0.7759862885269458,0.7867952858034511,1.9622009420163273,1.0,0.0,0.0,0.0,0.0,0.0,0.0,0.0,0.0,0.0,0.0,0.0,0
-0.6879642621254556,-0.8104503859629499,-0.33697603551706157,-0.9862649071659377,-0.3450946393694771,-0.6164064977950603,-1.4168258667766453,0.0,0.0,1.0,0.0,0.0,0.0,0.0,0.0,0.0,1.0,0.0,0.0,0
2.517955742073053,0.744658299259167,0.4848485554577712,0.8460376691802596,1.3365267524751574,1.3480759992428557,2.289203536415647,1.0,0.0,0.0,0.0,1.0,0.0,0.0,0.0,0.0,0.0,0.0,1.0,1
-0.30325386162163454,0.12360369715705259,-0.6657058719069946,0.8460376691802596,-0.6253648713435828,-0.6164064977950603,-0.4358180835786855,0.0,0.0,0.0,0.0,0.0,0.0,0.0,0.0,0.0,0.0,0.0,0.0,0
-0.5597274619575152,-0.6543805897960635,-0.172611117322095,-0.9862649071659377,0.2154458245787344,-0.335766141075358,0.0001853756204077356,0.0,0.0,1.0,0.0,0.0,0.0,0.0,0.0,0.0,0.0,1.0,0.0,0
-0.4314906617895749,-0.6406223708502222,0.1561187190678381,-0.9862649071659377,0.7759862885269458,0.7867952858034511,0.0001853756204077356,1.0,0.0,0.0,0.0,0.0,0.0,1.0,0.0,0.0,0.0,1.0,0.0,0
-0.816201062293396,-0.5120690125750182,-0.33697603551706157,-0.0701136189928391,-0.06482440739537135,-0.335766141075358,-1.4168258667766453,1.0,0.0,0.0,0.0,0.0,0.0,0.0,1.0,0.0,0.0,1.0,0.0,0
0.08145653888218654,-0.1900407003739218,-0.33697603551706157,-0.0701136189928391,-0.3450946393694771,-0.6164064977950603,2.289203536415647,1.0,0.0,0.0,0.0,0.0,0.0,0.0,0.0,0.0,0.0,0.0,0.0,0
-0.1750170614536942,-0.5643072501350092,0.4848485554577712,-0.9862649071659377,-0.6253648713435828,0.7867952858034511,-0.5448189483784588,1.0,0.0,0.0,0.0,0.0,0.0,1.0,0.0,0.0,0.0,1.0,0.0,1
-1.200911462797217,-0.9074028350969249,-0.8300707901019612,-0.9862649071659377,-0.6253648713435828,-0.6164064977950603,-1.8528293259757387,1.0,0.0,0.0,0.0,0.0,0.0,0.0,0.0,1.0,1.0,0.0,0.0,1
1.7485349410654112,2.2389298600801424,2.9503223283822697,1.7621889573533582,2.1773374483974743,2.189997069401963,0.6541905644190477,1.0,0.0,0.0,1.0,0.0,0.0,0.0,0.0,0.0,0.0,0.0,1.0,0
-0.1750170614536942,-0.2272308859618989,0.4848485554577712,-0.0701136189928391,-0.06482440739537135,1.3480759992428557,-0.4358180835786855,0.0,0.0,0.0,0.0,0.0,0.0,0.0,1.0,0.0,0.0,0.0,0.0,0
-0.04678026128575383,0.4342384842936242,-1.1588006264918942,0.8460376691802596,-1.1859053352917943,-1.177687211234465,-0.4358180835786855,1.0,0.0,0.0,0.0,0.0,0.0,0.0,1.0,0.0,0.0,0.0,1.0,1
0.2096933390501269,-0.22787580247498518,0.9779433100426709,-0.0701136189928391,1.0562565205010517,1.0674356425231535,-0.5448189483784588,0.0,0.0,0.0,0.0,0.0,0.0,0.0,1.0,0.0,0.0,0.0,0.0,0
1.8767717412333516,2.0396506575364732,1.1423082282376373,1.7621889573533582,1.3365267524751574,2.189997069401963,1.853200077216554,0.0,0.0,0.0,1.0,0.0,0.0,0.0,0.0,0.0,0.0,0.0,1.0,0
-0.9444378624613363,-0.9299749130549457,-0.5013409537120281,-0.9862649071659377,-0.6253648713435828,-0.6164064977950603,-0.6538198131782321,0.0,0.0,1.0,0.0,0.0,0.0,0.0,0.0,0.0,1.0,0.0,0.0,0
-1.0726746626292767,-0.8080856920816335,-0.9944357082969277,-0.9862649071659377,-1.1859053352917943,-1.177687211234465,-0.6538198131782321,0.0,0.0,0.0,0.0,0.0,0.0,0.0,0.0,1.0,1.0,0.0,0.0,1
-0.9444378624613363,-0.36610290844648385,-0.9944357082969277,-0.9862649071659377,-1.1859053352917943,-1.177687211234465,0.5451896996192743,0.0,0.0,1.0,0.0,0.0,0.0,0.0,0.0,0.0,0.0,1.0,0.0,0
0.33793013921806725,-0.3132197543734066,-1.1588006264918942,-0.0701136189928391,-1.1859053352917943,-1.177687211234465,0.5451896996192743,1.0,0.0,0.0,0.0,0.0,0.0,0.0,1.0,0.0,0.0,0.0,0.0,0
1.2355877403936497,1.7653461673037636,-0.33697603551706157,1.7621889573533582,-1.1859053352917943,-0.6164064977950603,1.9622009420163273,1.0,0.0,0.0,1.0,0.0,0.0,0.0,0.0,0.0,0.0,0.0,1.0,0
-0.4314906617895749,-0.5817199959883395,-0.33697603551706157,-0.9862649071659377,-0.06482440739537135,-0.6164064977950603,-0.4358180835786855,0.0,0.0,1.0,0.0,0.0,0.0,0.0,0.0,0.0,0.0,1.0,0.0,0
-0.5597274619575152,-0.9484625197634199,-0.33697603551706157,-0.9862649071659377,-0.6253648713435828,-0.8970468545147626,-0.7628206779780055,1.0,0.0,0.0,0.0,0.0,0.0,1.0,0.0,0.0,1.0,0.0,0.0,1
3.159139742912755,1.4334291352353439,-0.008246199127128446,1.7621889573533582,0.7759862885269458,0.7867952858034511,2.071201806816101,0.0,0.0,0.0,0.0,0.0,0.0,0.0,1.0,0.0,0.0,0.0,1.0,0
1.2355877403936497,2.886855983560853,2.2928626556024034,2.678340245526457,3.2984183762938972,1.6287163559625581,0.436188834819501,0.0,0.0,0.0,0.0,0.0,1.0,0.0,0.0,0.0,0.0,0.0,1.0,0
-0.6879642621254556,0.45036139712078194,-0.8300707901019612,-0.0701136189928391,-0.6253648713435828,-0.6164064977950603,-1.307825001976872,0.0,0.0,0.0,0.0,0.0,0.0,0.0,1.0,0.0,0.0,0.0,1.0,0
0.2096933390501269,0.913411453516751,0.9779433100426709,0.8460376691802596,0.7759862885269458,1.3480759992428557,-0.6538198131782321,0.0,0.0,0.0,0.0,0.0,0.0,0.0,1.0,0.0,0.0,0.0,1.0,0
-0.4314906617895749,-0.646426619467999,-0.5013409537120281,-0.9862649071659377,-0.6253648713435828,-0.6164064977950603,1.9622009420163273,0.0,0.0,0.0,0.0,0.0,0.0,1.0,0.0,0.0,0.0,1.0,0.0,0
-0.4314906617895749,-0.03160621032571883,-0.33697603551706157,-0.0701136189928391,-0.06482440739537135,-0.335766141075358,1.0901940236181409,1.0,0.0,0.0,0.0,0.0,0.0,0.0,1.0,0.0,0.0,0.0,0.0,1
2.7744293424089337,2.6923061687798167,4.265241673942002,2.678340245526457,0.7759862885269458,2.189997069401963,1.6351983476170073,1.0,0.0,0.0,1.0,0.0,0.0,0.0,0.0,0.0,0.0,0.0,1.0,0
-0.1750170614536942,0.4088717681122294,0.1561187190678381,0.8460376691802596,0.7759862885269458,0.7867952858034511,1.6351983476170073,1.0,0.0,0.0,0.0,0.0,0.0,0.0,1.0,0.0,0.0,0.0,1.0,1
-0.5597274619575152,-0.8431261559593229,-0.6657058719069946,-0.9862649071659377,-0.6253648713435828,-0.8970468545147626,-0.4358180835786855,0.0,0.0,0.0,0.0,0.0,0.0,1.0,0.0,0.0,1.0,0.0,0.0,0
-0.816201062293396,-0.5864493837509723,-0.33697603551706157,-0.9862649071659377,-0.6253648713435828,-0.05512578435565574,-1.0898232723773253,0.0,0.0,1.0,0.0,0.0,0.0,0.0,0.0,0.0,0.0,1.0,0.0,0
-0.04678026128575383,0.4432673154768325,0.6492134736527377,0.8460376691802596,1.0562565205010517,-0.335766141075358,-0.2178163539791389,0.0,0.0,0.0,0.0,0.0,0.0,0.0,0.0,0.0,0.0,0.0,1.0,0
-1.4573850631330978,-1.0467048019235674,-1.1588006264918942,-0.9862649071659377,-1.1859053352917943,-1.177687211234465,-1.9618301907755118,1.0,0.0,0.0,0.0,0.0,0.0,0.0,0.0,1.0,1.0,0.0,0.0,1
0.8508773398898287,-0.30376097884814074,-0.5013409537120281,-0.0701136189928391,-0.6253648713435828,-0.6164064977950603,-0.10881548917936558,0.0,0.0,0.0,0.0,1.0,0.0,0.0,0.0,0.0,0.0,0.0,0.0,0
-0.4314906617895749,-0.9484625197634199,-0.33697603551706157,-0.9862649071659377,-0.06482440739537135,-0.335766141075358,0.8721922940185942,0.0,0.0,0.0,0.0,0.0,0.0,1.0,0.0,0.0,1.0,0.0,0.0,0
-0.30325386162163454,-0.1010422215680113,0.32048363726280465,-0.0701136189928391,0.7759862885269458,0.5061549290837488,-0.3268172187789122,1.0,0.0,1.0,0.0,0.0,0.0,0.0,0.0,0.0,0.0,0.0,0.0,1
-0.6879642621254556,-0.25173771345917856,-0.33697603551706157,-0.0701136189928391,-0.3450946393694771,-0.6164064977950603,-0.8718215427777788,0.0,0.0,0.0,0.0,0.0,0.0,0.0,0.0,0.0,0.0,0.0,0.0,0
-0.1750170614536942,-0.7016744674223927,-0.5013409537120281,-0.9862649071659377,-0.6253648713435828,-0.335766141075358,-0.3268172187789122,0.0,0.0,0.0,0.0,0.0,0.0,1.0,0.0,0.0,0.0,1.0,0.0,0
1.4920613407295304,0.8390310823407968,2.45722757379737,0.8460376691802596,2.737877912345686,0.22551457236404657,0.436188834819501,1.0,0.0,0.0,0.0,0.0,0.0,0.0,1.0,0.0,0.0,0.0,1.0,0
-0.6879642621254556,-0.6593249497297251,-0.33697603551706157,-0.9862649071659377,-0.6253648713435828,-0.335766141075358,-0.6538198131782321,0.0,0.0,1.0,0.0,0.0,0.0,0.0,0.0,0.0,0.0,1.0,0.0,0
-0.4314906617895749,-0.3312774167398232,-0.8300707901019612,-0.0701136189928391,-0.6253648713435828,-0.8970468545147626,0.436188834819501,0.0,0.0,0.0,0.0,1.0,0.0,0.0,0.0,0.0,0.0,0.0,0.0,0
2.389718941905113,1.595518152191036,1.306673146432604,1.7621889573533582,1.8970672164233688,2.189997069401963,1.3081957532176876,1.0,0.0,0.0,0.0,0.0,0.0,0.0,0.0,0.0,0.0,0.0,1.0,0
-0.30325386162163454,-0.40329309403446095,0.1561187190678381,-0.0701136189928391,0.7759862885269458,0.7867952858034511,-0.5448189483784588,0.0,0.0,0.0,0.0,0.0,0.0,0.0,1.0,0.0,0.0,1.0,0.0,0
-0.5597274619575152,-0.18681611780849025,-0.008246199127128446,-0.0701136189928391,0.7759862885269458,0.7867952858034511,0.6541905644190477,0.0,0.0,0.0,0.0,0.0,0.0,0.0,1.0,0.0,0.0,0.0,0.0,0
-0.1750170614536942,-0.9411534659484417,-0.5013409537120281,-0.9862649071659377,-0.6253648713435828,-0.335766141075358,0.32718797001972766,1.0,0.0,1.0,0.0,0.0,0.0,0.0,0.0,0.0,1.0,0.0,0.0,1
-0.9444378624613363,-0.3516997729875563,-0.5013409537120281,-0.0701136189928391,-0.6253648713435828,-0.6164064977950603,-0.9808224075775521,0.0,0.0,0.0,0.0,0.0,0.0,0.0,1.0,0.0,0.0,1.0,0.0,0
-0.1750170614536942,-0.28290867825835014,0.32048363726280465,-0.0701136189928391,0.7759862885269458,0.22551457236404657,-0.10881548917936558,0.0,0.0,0.0,0.0,1.0,0.0,0.0,0.0,0.0,0.0,0.0,0.0,0
-0.1750170614536942,-0.8009916104376841,-0.6657058719069946,-0.9862649071659377,-0.6253648713435828,-0.6164064977950603,0.7631914292188209,1.0,0.0,1.0,0.0,0.0,0.0,0.0,0.0,0.0,1.0,0.0,0.0,0
0.4661669393860076,-0.9740442081158434,-0.5013409537120281,-0.9862649071659377,-0.3450946393694771,-0.335766141075358,-0.10881548917936558,0.0,0.0,1.0,0.0,0.0,0.0,0.0,0.0,0.0,1.0,0.0,0.0,0
-0.1750170614536942,0.23882878082847295,0.32048363726280465,0.8460376691802596,0.7759862885269458,0.7867952858034511,-0.9808224075775521,0.0,0.0,0.0,0.0,1.0,0.0,0.0,0.0,0.0,0.0,0.0,0.0,0
-1.3291482629651574,-0.8229187718826185,-0.9944357082969277,-0.9862649071659377,-1.1859053352917943,-1.177687211234465,-1.7438284611759653,0.0,0.0,0.0,0.0,0.0,0.0,0.0,0.0,1.0,1.0,0.0,0.0,1
-0.6879642621254556,-0.9381438555540389,-0.5013409537120281,-0.9862649071659377,-0.6253648713435828,-0.6164064977950603,-0.7628206779780055,0.0,1.0,0.0,0.0,0.0,0.0,0.0,0.0,0.0,1.0,0.0,0.0,1
-0.6879642621254556,-0.26184140549753077,-0.5013409537120281,-0.0701136189928391,-0.3450946393694771,-0.6164064977950603,-1.1988241371770987,0.0,0.0,0.0,0.0,0.0,0.0,0.0,1.0,0.0,0.0,0.0,0.0,1
-0.816201062293396,-0.3585788824604769,-0.6657058719069946,-0.0701136189928391,-0.6253648713435828,-0.6164064977950603,0.32718797001972766,0.0,0.0,0.0,0.0,0.0,0.0,0.0,0.0,0.0,0.0,1.0,0.0,0
-0.6879642621254556,-0.7270411836037874,-0.33697603551706157,-0.9862649071659377,-0.6253648713435828,-0.05512578435565574,-1.4168258667766453,0.0,0.0,1.0,0.0,0.0,0.0,0.0,0.0,0.0,0.0,1.0,0.0,0
-0.6879642621254556,-0.7921777514255046,-0.172611117322095,-0.9862649071659377,-0.06482440739537135,-0.05512578435565574,-0.2178163539791389,0.0,0.0,0.0,0.0,0.0,0.0,1.0,0.0,0.0,1.0,0.0,0.0,0
0.594403739553948,-0.4858424077095083,-0.33697603551706157,-0.0701136189928391,-0.3450946393694771,-0.05512578435565574,0.0001853756204077356,1.0,0.0,0.0,0.0,0.0,0.0,1.0,0.0,0.0,0.0,1.0,0.0,0
-0.816201062293396,-0.3876001255493608,-0.33697603551706157,-0.0701136189928391,-0.3450946393694771,-0.335766141075358,-1.1988241371770987,1.0,0.0,0.0,0.0,0.0,0.0,0.0,0.0,0.0,0.0,1.0,0.0,0
-0.30325386162163454,0.6610341247289758,0.32048363726280465,0.8460376691802596,1.0562565205010517,0.7867952858034511,0.9811931588183676,0.0,0.0,0.0,0.0,0.0,0.0,0.0,1.0,0.0,0.0,0.0,1.0,1
-0.6879642621254556,0.4125262950197185,-0.33697603551706157,-0.0701136189928391,-0.06482440739537135,-0.335766141075358,-0.9808224075775521,0.0,0.0,0.0,0.0,0.0,0.0,0.0,1.0,0.0,0.0,0.0,1.0,0
-0.1750170614536942,-0.6889911093316953,-0.008246199127128446,-0.9862649071659377,0.7759862885269458,0.7867952858034511,-0.8718215427777788,1.0,0.0,1.0,0.0,0.0,0.0,0.0,0.0,0.0,0.0,1.0,0.0,1
-0.1750170614536942,-0.1577948747196064,0.4848485554577712,-0.0701136189928391,-0.06482440739537135,1.0674356425231535,-0.10881548917936558,0.0,0.0,1.0,0.0,0.0,0.0,0.0,0.0,0.0,0.0,0.0,0.0,0
-0.1750170614536942,-0.9325545791072909,0.4848485554577712,-0.9862649071659377,-1.1859053352917943,1.0674356425231535,-0.7628206779780055,0.0,0.0,1.0,0.0,0.0,0.0,0.0,0.0,0.0,1.0,0.0,0.0,0
-0.1750170614536942,-0.8220588831985035,0.4848485554577712,-0.9862649071659377,0.7759862885269458,1.0674356425231535,-0.8718215427777788,0.0,0.0,0.0,0.0,0.0,0.0,1.0,0.0,0.0,1.0,0.0,0.0,0
-0.04678026128575383,-0.03440084854909283,-0.008246199127128446,-0.0701136189928391,-1.1859053352917943,0.5061549290837488,-0.8718215427777788,0.0,0.0,0.0,0.0,0.0,0.0,0.0,0.0,0.0,0.0,0.0,0.0,0
-1.3291482629651574,-0.9295449687128882,-0.9944357082969277,-0.9862649071659377,-0.9056351033176886,-1.177687211234465,-0.3268172187789122,1.0,0.0,0.0,0.0,0.0,0.0,0.0,0.0,1.0,1.0,0.0,0.0,0
0.33793013921806725,-0.08212467051747961,1.1423082282376373,-0.0701136189928391,2.45760768037158,1.0674356425231535,-0.5448189483784588,0.0,0.0,0.0,0.0,1.0,0.0,0.0,0.0,0.0,0.0,0.0,0.0,0
-0.9444378624613363,-0.827218215303194,-0.6657058719069946,-0.9862649071659377,-0.6253648713435828,-1.177687211234465,0.5451896996192743,1.0,1.0,0.0,0.0,0.0,0.0,0.0,0.0,0.0,1.0,0.0,0.0,0
0.08145653888218654,-0.6010674913809286,0.8135783918477043,-0.9862649071659377,1.0562565205010517,0.7867952858034511,-0.7628206779780055,0.0,0.0,1.0,0.0,0.0,0.0,0.0,0.0,0.0,0.0,1.0,0.0,0
0.33793013921806725,-0.5359309235592116,0.32048363726280465,-0.0701136189928391,0.7759862885269458,0.7867952858034511,1.1991948884179142,0.0,0.0,0.0,0.0,0.0,0.0,0.0,1.0,0.0,0.0,1.0,0.0,0
-0.6879642621254556,-0.5589329458592899,-0.6657058719069946,-0.9862649071659377,-0.6253648713435828,-0.6164064977950603,0.10918624042018105,1.0,0.0,0.0,0.0,0.0,0.0,1.0,0.0,0.0,0.0,1.0,0.0,0
-0.30325386162163454,-0.939003744238154,-0.172611117322095,-0.0701136189928391,-0.6253648713435828,-0.05512578435565574,-0.5448189483784588,0.0,0.0,1.0,0.0,0.0,0.0,0.0,0.0,0.0,1.0,0.0,0.0,0
0.08145653888218654,0.3172936232539737,0.6492134736527377,0.8460376691802596,1.3365267524751574,1.3480759992428557,-0.2178163539791389,0.0,0.0,0.0,0.0,0.0,0.0,0.0,1.0,0.0,0.0,0.0,0.0,0
-0.4314906617895749,-0.7199471019598381,-0.8300707901019612,-0.9862649071659377,-0.6253648713435828,-0.6164064977950603,0.7631914292188209,1.0,1.0,0.0,0.0,0.0,0.0,0.0,0.0,0.0,0.0,1.0,0.0,0
0.2096933390501269,-0.3534195503557865,0.8135783918477043,-0.0701136189928391,1.3365267524751574,1.0674356425231535,2.180202671615874,0.0,0.0,0.0,0.0,0.0,0.0,1.0,0.0,0.0,0.0,1.0,0.0,0
-0.6879642621254556,-0.7764847829404045,-0.33697603551706157,-0.9862649071659377,-1.1859053352917943,-0.6164064977950603,-0.3268172187789122,1.0,0.0,0.0,0.0,0.0,0.0,1.0,0.0,0.0,0.0,1.0,0.0,0
-0.30325386162163454,0.23861380865744417,0.32048363726280465,0.8460376691802596,1.0562565205010517,0.7867952858034511,1.3081957532176876,0.0,0.0,0.0,0.0,0.0,0.0,0.0,1.0,0.0,0.0,0.0,0.0,1
0.7226405397218884,-0.2611964889844444,0.9779433100426709,-0.0701136189928391,1.8970672164233688,1.3480759992428557,0.10918624042018105,1.0,0.0,0.0,0.0,0.0,0.0,1.0,0.0,0.0,0.0,0.0,0.0,0
1.2355877403936497,2.68478214279381,2.1284977374074368,2.678340245526457,1.0562565205010517,1.3480759992428557,0.32718797001972766,0.0,0.0,0.0,1.0,0.0,0.0,0.0,0.0,0.0,0.0,0.0,1.0,0
1.8767717412333516,2.5929890257645254,-0.008246199127128446,2.678340245526457,0.7759862885269458,0.7867952858034511,1.7441992124167807,0.0,0.0,0.0,1.0,0.0,0.0,0.0,0.0,0.0,0.0,0.0,1.0,0
-0.6879642621254556,-0.9336294399624347,-0.6657058719069946,-0.9862649071659377,-0.6253648713435828,-0.6164064977950603,-0.8718215427777788,0.0,0.0,0.0,0.0,0.0,0.0,1.0,0.0,0.0,1.0,0.0,0.0,0
-0.6879642621254556,-0.9033183638473783,-0.33697603551706157,-0.9862649071659377,-0.3450946393694771,-0.335766141075358,0.7631914292188209,1.0,0.0,0.0,0.0,0.0,0.0,1.0,0.0,0.0,1.0,0.0,0.0,1
-0.4314906617895749,0.7425085775488793,-0.33697603551706157,-0.0701136189928391,-0.06482440739537135,-0.6164064977950603,-0.4358180835786855,0.0,0.0,0.0,0.0,0.0,0.0,0.0,1.0,0.0,0.0,0.0,1.0,0
1.6202981408974708,0.7962516203060717,2.45722757379737,0.8460376691802596,0.4957160565528401,3.593198853000474,0.7631914292188209,0.0,0.0,0.0,0.0,0.0,0.0,0.0,0.0,0.0,0.0,0.0,1.0,0
-0.816201062293396,-0.47810340955247266,-0.33697603551706157,-0.0701136189928391,-0.3450946393694771,-0.6164064977950603,-0.4358180835786855,0.0,0.0,0.0,0.0,1.0,0.0,0.0,0.0,0.0,0.0,1.0,0.0,0
-1.3291482629651574,-0.7913178627413895,-0.9944357082969277,-0.9862649071659377,-1.1859053352917943,-1.177687211234465,-1.0898232723773253,0.0,1.0,0.0,0.0,0.0,0.0,0.0,0.0,0.0,1.0,0.0,0.0,1
-0.1750170614536942,-0.506694708299299,0.4848485554577712,-0.0701136189928391,-1.1859053352917943,1.3480759992428557,-0.8718215427777788,1.0,0.0,0.0,0.0,0.0,0.0,0.0,1.0,0.0,0.0,1.0,0.0,0
-1.4573850631330978,-1.1808474366455195,-1.1588006264918942,-0.9862649071659377,-1.1859053352917943,-1.177687211234465,-2.0708310555752854,0.0,0.0,0.0,0.0,0.0,0.0,1.0,0.0,0.0,1.0,0.0,0.0,0
1.4920613407295304,0.7925970933985826,2.2928626556024034,0.8460376691802596,0.7759862885269458,3.593198853000474,0.6541905644190477,0.0,0.0,0.0,0.0,0.0,0.0,0.0,1.0,0.0,0.0,0.0,1.0,0
-0.4314906617895749,-0.49057179547214125,-0.6657058719069946,-0.0701136189928391,-0.6253648713435828,-0.6164064977950603,-0.8718215427777788,0.0,0.0,0.0,0.0,1.0,0.0,0.0,0.0,0.0,0.0,1.0,0.0,0
-0.4314906617895749,0.038904661771717496,0.1561187190678381,-0.0701136189928391,0.7759862885269458,-0.335766141075358,-0.5448189483784588,0.0,0.0,0.0,0.0,1.0,0.0,0.0,0.0,0.0,0.0,0.0,0.0,0
1.1073509402257093,0.9265247559495059,-0.6657058719069946,0.8460376691802596,-0.6253648713435828,-1.177687211234465,1.4171966180174609,1.0,0.0,0.0,0.0,0.0,0.0,0.0,1.0,0.0,0.0,0.0,1.0,1
-1.0726746626292767,-0.911917250688529,-0.6657058719069946,-0.9862649071659377,-0.6253648713435828,-0.6164064977950603,-0.6538198131782321,1.0,0.0,0.0,0.0,0.0,0.0,0.0,0.0,1.0,1.0,0.0,0.0,1
0.08145653888218654,-0.006669438486381594,-0.33697603551706157,-0.0701136189928391,-0.3450946393694771,-0.335766141075358,0.32718797001972766,0.0,0.0,0.0,0.0,0.0,0.0,0.0,0.0,0.0,0.0,0.0,0.0,0
-0.04678026128575383,-0.5142187342853058,0.6492134736527377,-0.0701136189928391,1.6167969844492631,1.0674356425231535,-0.7628206779780055,0.0,0.0,0.0,0.0,0.0,0.0,0.0,0.0,0.0,0.0,1.0,0.0,0
0.08145653888218654,-0.07997494880719191,-0.008246199127128446,-0.0701136189928391,0.7759862885269458,0.7867952858034511,-0.6538198131782321,1.0,0.0,0.0,0.0,0.0,0.0,0.0,1.0,0.0,0.0,0.0,0.0,1
-0.1750170614536942,-0.086424113938055,-0.33697603551706157,-0.0701136189928391,-0.6253648713435828,-0.05512578435565574,-0.2178163539791389,1.0,0.0,0.0,0.0,0.0,0.0,0.0,0.0,0.0,0.0,0.0,0.0,0
-0.1750170614536942,-0.8282930761583378,0.4848485554577712,-0.9862649071659377,1.3365267524751574,1.0674356425231535,-0.3268172187789122,0.0,0.0,0.0,0.0,0.0,0.0,1.0,0.0,0.0,1.0,0.0,0.0,0
-0.1750170614536942,0.027941081049250263,0.32048363726280465,-0.0701136189928391,1.0562565205010517,0.22551457236404657,-0.9808224075775521,0.0,0.0,1.0,0.0,0.0,0.0,0.0,0.0,0.0,0.0,0.0,0.0,0
-0.04678026128575383,-0.552268808557398,0.1561187190678381,-0.0701136189928391,0.7759862885269458,0.7867952858034511,0.32718797001972766,0.0,0.0,1.0,0.0,0.0,0.0,0.0,0.0,0.0,0.0,1.0,0.0,0
2.005008541401292,2.369632940065634,3.114687246577236,1.7621889573533582,-1.1859053352917943,2.189997069401963,0.9811931588183676,0.0,0.0,0.0,1.0,0.0,0.0,0.0,0.0,0.0,0.0,0.0,1.0,0
-0.4314906617895749,-0.26829057062839384,0.1561187190678381,-0.0701136189928391,0.7759862885269458,0.7867952858034511,-1.1988241371770987,0.0,0.0,0.0,0.0,0.0,0.0,0.0,1.0,0.0,0.0,0.0,0.0,0
0.08145653888218654,0.12811811274865675,-0.008246199127128446,0.8460376691802596,0.7759862885269458,0.7867952858034511,-0.7628206779780055,0.0,0.0,0.0,0.0,0.0,0.0,0.0,1.0,0.0,0.0,0.0,0.0,0
-0.816201062293396,-0.6021423522360725,-0.5013409537120281,-0.9862649071659377,-0.6253648713435828,-0.6164064977950603,-0.2178163539791389,1.0,0.0,1.0,0.0,0.0,0.0,0.0,0.0,0.0,0.0,1.0,0.0,1
-0.1750170614536942,-0.503900070075925,-0.33697603551706157,-0.9862649071659377,-0.06482440739537135,-0.05512578435565574,-0.5448189483784588,0.0,0.0,1.0,0.0,0.0,0.0,0.0,0.0,0.0,0.0,1.0,0.0,1
-0.5597274619575152,0.7336947185366999,-0.172611117322095,-0.0701136189928391,-0.6253648713435828,-0.6164064977950603,-0.7628206779780055,0.0,0.0,0.0,0.0,1.0,0.0,0.0,0.0,0.0,0.0,0.0,1.0,0
-0.1750170614536942,0.05481260242784642,0.4848485554577712,-0.0701136189928391,1.0562565205010517,1.0674356425231535,-0.3268172187789122,0.0,0.0,0.0,0.0,0.0,0.0,0.0,1.0,0.0,0.0,0.0,0.0,0
-0.816201062293396,-0.362233409367966,-0.33697603551706157,-0.0701136189928391,-0.06482440739537135,-0.335766141075358,-0.2178163539791389,0.0,0.0,0.0,0.0,0.0,0.0,0.0,1.0,0.0,0.0,1.0,0.0,0
0.4661669393860076,-0.18638617346643271,0.6492134736527377,-0.0701136189928391,1.0562565205010517,1.6287163559625581,0.32718797001972766,0.0,0.0,0.0,0.0,0.0,0.0,0.0,1.0,0.0,0.0,0.0,0.0,0
0.594403739553948,-0.41812617383544604,1.306673146432604,-0.0701136189928391,1.3365267524751574,1.6287163559625581,-0.3268172187789122,1.0,0.0,0.0,0.0,0.0,0.0,0.0,1.0,0.0,0.0,1.0,0.0,1
-0.1750170614536942,-0.3811509604184977,-0.33697603551706157,-0.9862649071659377,-0.6253648713435828,-0.335766141075358,0.10918624042018105,0.0,0.0,0.0,0.0,0.0,0.0,1.0,0.0,0.0,0.0,1.0,0.0,0
-0.30325386162163454,1.1548252015820588,0.32048363726280465,0.8460376691802596,-0.9056351033176886,1.0674356425231535,-0.7628206779780055,1.0,0.0,0.0,1.0,0.0,0.0,0.0,0.0,0.0,0.0,0.0,1.0,0
0.4661669393860076,0.5432293750052103,-0.6657058719069946,0.8460376691802596,-0.6253648713435828,-0.6164064977950603,0.9811931588183676,1.0,0.0,0.0,0.0,0.0,0.0,0.0,1.0,0.0,0.0,0.0,1.0,0
0.594403739553948,1.2782192277525724,0.4848485554577712,0.8460376691802596,1.3365267524751574,0.7867952858034511,1.5261974828172342,0.0,0.0,0.0,0.0,0.0,1.0,0.0,0.0,0.0,0.0,0.0,1.0,0
-1.200911462797217,-0.6533057289409196,-0.8300707901019612,-0.9862649071659377,-0.6253648713435828,-0.6164064977950603,-1.5258267315764187,0.0,0.0,0.0,0.0,0.0,0.0,1.0,0.0,0.0,0.0,1.0,0.0,0
3.159139742912755,2.6179257976038626,2.785957410187303,2.678340245526457,3.0181481443197913,3.0319181395610695,1.9622009420163273,0.0,0.0,0.0,0.0,0.0,1.0,0.0,0.0,0.0,0.0,0.0,1.0,0
0.2096933390501269,0.822048280829524,0.4848485554577712,0.8460376691802596,0.4957160565528401,-0.335766141075358,0.9811931588183676,1.0,0.0,0.0,0.0,0.0,0.0,0.0,1.0,0.0,0.0,0.0,1.0,0
-0.816201062293396,-0.8409764342490352,-0.33697603551706157,-0.9862649071659377,-0.06482440739537135,-0.05512578435565574,-0.7628206779780055,0.0,0.0,0.0,0.0,0.0,0.0,1.0,0.0,0.0,1.0,0.0,0.0,0
1.4920613407295304,1.9869824756344248,-0.8300707901019612,1.7621889573533582,-0.6253648713435828,-0.6164064977950603,2.289203536415647,1.0,0.0,0.0,0.0,0.0,1.0,0.0,0.0,0.0,0.0,0.0,1.0,0
0.4661669393860076,1.4127918068165821,-0.8300707901019612,0.8460376691802596,-0.6253648713435828,-0.6164064977950603,1.5261974828172342,0.0,0.0,0.0,1.0,0.0,0.0,0.0,0.0,0.0,0.0,0.0,1.0,0
-0.4314906617895749,-0.9568464344335419,-0.8300707901019612,-0.9862649071659377,-0.6253648713435828,-1.177687211234465,0.5451896996192743,0.0,0.0,1.0,0.0,0.0,0.0,0.0,0.0,0.0,1.0,0.0,0.0,0
0.2096933390501269,0.21561178635736586,-0.008246199127128446,-0.0701136189928391,0.7759862885269458,0.7867952858034511,-0.6538198131782321,0.0,0.0,0.0,0.0,0.0,0.0,0.0,1.0,0.0,0.0,0.0,0.0,0
0.08145653888218654,-0.9106274176623564,0.6492134736527377,-0.9862649071659377,1.6167969844492631,0.7867952858034511,-0.3268172187789122,1.0,0.0,0.0,0.0,0.0,0.0,0.0,0.0,1.0,1.0,0.0,0.0,0
2.7744293424089337,2.799362309952144,3.607782001162136,2.678340245526457,1.0562565205010517,1.6287163559625581,2.507205266015194,0.0,0.0,0.0,1.0,0.0,0.0,0.0,0.0,0.0,0.0,0.0,1.0,0
-0.4314906617895749,-0.6266491797333522,-0.6657058719069946,-0.9862649071659377,-0.6253648713435828,-0.6164064977950603,0.0001853756204077356,0.0,0.0,1.0,0.0,0.0,0.0,0.0,0.0,0.0,0.0,1.0,0.0,0
-0.6879642621254556,-0.21132294530576995,-0.33697603551706157,-0.0701136189928391,-0.3450946393694771,-0.05512578435565574,-0.2178163539791389,0.0,0.0,0.0,0.0,0.0,0.0,0.0,1.0,0.0,0.0,0.0,0.0,0
-0.5597274619575152,-0.27645951312748707,-0.9944357082969277,-0.0701136189928391,-1.1859053352917943,-1.177687211234465,0.9811931588183676,0.0,0.0,0.0,0.0,1.0,0.0,0.0,0.0,0.0,0.0,0.0,0.0,0
-1.0726746626292767,-0.9177214993063059,-0.6657058719069946,-0.9862649071659377,-0.6253648713435828,-0.6164064977950603,-1.5258267315764187,1.0,0.0,0.0,0.0,0.0,0.0,0.0,0.0,1.0,1.0,0.0,0.0,1
-0.04678026128575383,0.07501998650455073,-0.008246199127128446,-0.0701136189928391,0.7759862885269458,0.7867952858034511,0.10918624042018105,0.0,0.0,0.0,0.0,0.0,0.0,0.0,1.0,0.0,0.0,0.0,0.0,0
-0.9444378624613363,-0.8798863972052424,-0.5013409537120281,-0.9862649071659377,-0.3450946393694771,-0.8970468545147626,-1.634827596376192,0.0,0.0,1.0,0.0,0.0,0.0,0.0,0.0,0.0,1.0,0.0,0.0,0
0.4661669393860076,0.08985306630553581,-0.9944357082969277,-0.0701136189928391,-1.1859053352917943,-1.177687211234465,-0.10881548917936558,1.0,0.0,0.0,0.0,0.0,0.0,1.0,0.0,0.0,0.0,0.0,0.0,0
-0.5597274619575152,-0.5195930385610251,-0.8300707901019612,-0.0701136189928391,-0.9056351033176886,-0.6164064977950603,0.21818710521995435,0.0,0.0,0.0,0.0,0.0,0.0,0.0,1.0,0.0,0.0,1.0,0.0,0
